No,모델 시리얼(*),주소,좌표 구분코드,위도,경도,비고
1,V02Q1940059,서울특별시 강남구 일원동 688,W84,37.489529884,127.075346275,
2,V02Q1940293,서울특별시 강남구 개포동 1221-3,W84,37.476400690,127.048489256,
3,V02Q1940060,서울특별시 강남구 일원동 735-1,W84,37.483397241,127.086233850,
4,V02Q1940079,서울특별시 강남구 일원동 707,W84,37.494102447,127.082209375,
5,V02Q1940129,서울특별시 강남구 대치동 16-1,W84,37.497655712,127.074398747,
6,V02Q1940123,서울특별시 강남구 대치동 1028-1,W84,37.494899122,127.061842654,
7,V02Q1940246,서울특별시 강남구 대치동 27-14,W84,37.499370861,127.072725308,
8,V02Q1940094,서울특별시 강남구 세곡동 110-5,W84,37.466829430,127.108892930,
9,V02Q1940178,서울특별시 강남구 신사동 667-6,W84,37.521053134,127.019456063,
10,V02Q1940161,서울특별시 강남구 신사동 658-2,W84,37.526342753,127.037461441,
11,V02Q1940152,서울특별시 강남구 역삼동 695-14,W84,37.506539586,127.045727927,
12,V02Q1940175,서울특별시 강남구 청담동 139-15,W84,37.527788143,127.046799226,
13,V02Q1940149,서울특별시 강남구 도곡동 421-5,W84,37.485060546,127.044068025,
14,V02Q1940145,서울특별시 강남구 논현동 22,W84,37.514024187,127.021681163,
15,V02Q1940313,서울특별시 강남구 수서동 745-4,W84,37.485535862,127.087427345,
16,V02Q1940309,서울특별시 강남구 역삼동 782-9,W84,37.493738770,127.042374226,
17,V02Q1940315,서울특별시 강남구 개포동 660-1,W84,37.483916152,127.057596450,
18,V02Q1940273,서울특별시 강남구 논현동 107-44,W84,37.517512115,127.037133630,
19,V02Q1940236,서울특별시 강남구 도곡동 893-9,W84,37.488153702,127.039413626,
20,V02Q1940063,서울특별시 강남구 삼성동 111-32,W84,37.516061590,127.061880097,
21,V02Q1940080,서울특별시 강남구 삼성동 111-138,W84,37.513101818,127.045818282,
22,V02Q1940177,서울특별시 강남구 대치동 905,W84,37.502278254,127.053964693,
23,V02Q1940239,서울특별시 강남구 대치동 1027,W84,37.493447190,127.056961271,
24,V02Q1940098,서울특별시 강남구 수서동 447-5,W84,37.4863055,127.099588,
25,V02Q1940192,서울특별시 강남구 청담동 77-43,W84,37.522242728,127.053451588,
26,V02Q1940724,서울특별시 강남구 역삼동 805-36,W84,37.497322012,127.051315822,
27,V02Q1940954,서울특별시 강남구 논현동 280,W84,37.508670997,127.022791432,
28,V02Q1940953,서울특별시 강남구 개포동 186-19,W84,37.489030413,127.067883398,
29,V02Q1940164,서울특별시 강남구 개포동 186-19,W84,37.488586874,127.067987758,
30,V02Q1940100,서울특별시 강남구 일원동 3-16,W84,37.494978959,127.093144214,
31,V02Q1940082,서울특별시 강남구 일원동 700-8,W84,37.495507594,127.085748474,
32,V02Q1940224,서울특별시 강남구 역삼동 738,W84,37.498641001,127.036337753,
33,V02Q1940102,서울특별시 강남구 일원동 739-2,W84,37.480834588,127.080968797,
34,V02Q1940789,서울특별시 강남구 삼성동 16-1,W84,37.517551605,127.047995114,
35,OC3CL200020,서울특별시 강남구 역삼동 814-6,W84,37.501274013,127.026376835,
36,OC3CL200021,서울특별시 강남구 신사동 581-6,W84,37.525532427,127.028229493,
37,OC3CL200022,서울특별시 강남구 대치동 889-45,W84,37.503091994,127.049875547,
38,OC3CL200023,서울특별시 강남구 대치동 890-57,W84,37.503596523,127.051592237,
39,OC3CL200015,서울특별시 강남구 신사동 532-12,W84,37.523384113,127.022414809,
40,OC3CL200024,서울특별시 강남구 신사동 541-17,W84,37.518392422,127.023422644,
41,OC3CL200175,서울특별시 강남구 개포동 1268,W84,37.479504606,127.050789002,
42,OC3CL200155,서울특별시 강남구 논현동 2,W84,37.516371943,127.020838504,
43,OC3CL200156,서울특별시 강남구 논현동 66,W84,37.51889789,127.02865319,
44,OC3CL200170,서울특별시 강남구 논현동 130-9,W84,37.512567161,127.031244602,
45,OC3CL200157,서울특별시 강남구 수서동362-9,W84,37.492381245,127.094589306,
46,OC3CL200176,서울특별시 강남구  세곡동 120-7,W84,37.465075516,127.106918502,
47,OC3CL200016,서울특별시 강남구 신사동 657-37,W84,37.525888672,127.039125808,
48,OC3CL200135,서울특별시  강남구 대치동 78-28,W84,37.501824817,127.070861538,
49,OC3CL200140,서울특별시  강남구 일원동 246-13,W84,37.479487084,127.079709566,
50,OC3CL200141,서울특별시 강남구 수서동 720,W84,37.488661301,127.106715764,
51,V02Q1940421,서울특별시 강동구 강일동 693,W84,37.563060099,127.178426767,
52,V02Q1940352,서울특별시 강동구 상일동 123,W84,37.553626154,127.168193008,
53,V02Q1940321,서울특별시 강동구 명일동 332,W84,37.549468318,127.146339447,
54,V02Q1940353,서울특별시 강동구 명일동 59,W84,37.546512413,127.152593815,
55,V02Q1940360,서울특별시 강동구 고덕동 691-4,W84,37.556847303,127.151357028,
56,V02Q1940355,서울특별시 강동구 고덕동 235,W84,37.560742575,127.164289117,
57,V02Q1940482,서울특별시 강동구 암사동 543,W84,37.551489763,127.133098234,
58,V02Q1940408,서울특별시 강동구 암사동 138,W84,37.557388648,127.130057635,
59,V02Q1940437,서울특별시 강동구 암사동 413-2,W84,37.554597620,127.139827887,
60,V02Q1940376,서울특별시 강동구 천호동 221-24,W84,37.545304506,127.136675035,
61,V02Q1940306,서울특별시 강동구 천호동 357-29,W84,37.542448508,127.125705412,
62,V02Q1940349,서울특별시 강동구 천호동 555-4,W84,37.539768171,127.129657973,
63,V02Q1940507,서울특별시 강동구 성내동 582,W84,37.531277474,127.123271252,
64,V02Q1940430,서울특별시 강동구 성내동 40-21,W84,37.535815801,127.124685914,
65,V02Q1940417,서울특별시 강동구 성내동 450-25,W84,37.525959229,127.132493340,
66,V02Q1940478,서울특별시 강동구 길동 102,W84,37.539563459,127.145933459,
67,V02Q1940505,서울특별시 강동구 둔촌동 229-2,W84,37.517230482,127.143823891,
68,V02Q1940410,서울특별시 강동구 둔촌동 61-17,W84,37.533218949,127.141795437,
69,V02Q1940359,서울특별시 강동구 명일동 260-1,W84,37.546517030,127.147309969,
70,V02Q1940354,서울특별시 강동구 성내동 150-9,W84,37.534717201,127.129979727,
71,V02Q1940350,서울특별시 강동구 고덕동 313-1,W84,37.554811287,127.150186225,
72,V02Q1940851,서울특별시 강동구 암사동 501-4,W84,37.550390853,127.128292179,
73,V02Q1940770,서울특별시 강동구 암사동 496-25,W84,37.549876301,127.129477775,
74,V02Q1940142,서울특별시 강동구 암사동 548,W84,37.550545015,127.127872534,
75,V02Q1940372,서울특별시 강동구 암사동 508,W84,37.554066866,127.127812567,
76,V02Q1940271,서울특별시 강동구 강일동 693,W84,37.564778377,127.178040052,
77,V02Q1940434,서울특별시 강동구 둔촌동 29-16,W84,37.532199061,127.148090456,
78,V02Q1940798,서울특별시 강동구 천호동 76-2,W84,37.545037857,127.136812004,
79,V02Q1940831,서울특별시 강동구 암사동 81-1,W84,37.56700001,127.136812731,
80,OC3CL200090,서울특별시 강동구 둔촌동 517-4,W84,37.528714489,127.137388903,
81,OC3CL200091,서울특별시 강동구 상일동 283-6,W84,37.548559121,127.170906985,
82,OC3CL200092,서울특별시 강동구 암사동 265-7,W84,37.55888187,127.135606683,
83,OC3CL200093,서울특별시 강동구 천호동 528-1,W84,37.538219655,127.134580994,
84,OC3CL200094,서울특별시 강동구 강일동 348-1,W84,37.569133887,127.178765851,
85,OC3CL200080,서울특별시 강동구 고덕동 317-1,W84,37.5566477,127.144870457,
86,OC3CL200095,서울특별시 강동구 길동 141-5,W84,37.536623021,127.146469568,
87,OC3CL200097,서울특별시 강동구 길동 338-9,W84,37.542373602,127.143741102,
88,OC3CL200098,서울특별시 강동구 상일동 166,W84,37.549619644,127.157931363,
89,OC3CL200099,서울특별시 강동구 성내동 519-12,W84,37.530624488,127.128407271,
90,OC3CL200101,서울특별시 강동구 천호동 1-2,W84,37.550486694,127.139581625,
91,OC3CL200102,서울특별시 강동구 천호동 290-39,W84,37.547423335,127.131227628,
92,OC3CL200103,서울특별시 강동구 길동 157-10,W84,37.540494144,127.148207117,
93,OC3CL200105,서울특별시 강동구 상일동 325-1,W84,37.547712275,127.172682389,
94,OC3CL200106,서울특별시 강동구 성내동 500,W84,37.533122454,127.132393112,
95,OC3CL200107,서울특별시 강동구 천호동 233-48,W84,37.548256407,127.136824448,
96,OC3CL200081,서울특별시 강동구 천호동 361,W84,37.545147142,127.12755127,
97,OC3CL200108,서울특별시 강동구 고덕동 289-4,W84,37.56062598,127.157430977,
98,OC3CL200060,서울특별시 강동구 둔촌동 산 28-1,W84,37.522210234,127.145519881,
99,OC3CL200083,서울특별시 강동구 둔촌동 599,W84,37.531829328,127.149670745,
100,OC3CL200117,서울특별시 강동구 상일동 507,W84,37.550873724,127.177576272,
101,OC3CL200110,서울특별시 강동구 암사동 458,W84,37.554657278,127.132859102,
102,OC3CL200084,서울특별시 강동구 천호동 326-18,W84,37.545889848,127.123709975,
103,OC3CL200114,서울특별시 강동구 천호동 316-4,W84,37.547990969,127.126141848,
104,OC3CL200062,서울특별시 강동구 천호동 463-38,W84,37.541946399,127.12158753,
105,OC3CL200017,서울특별시 강동구 성내동 448-8,W84,37.524110749,127.128668752,
106,OC3CL200072,서울특별시 강동구 암사동 139-2,W84,37.559675184,127.131291798,
107,OC3CL200074,서울특별시 강동구 천호동 42,W84,37.546267526,127.143017876,
108,OC3CL200070,서울특별시 강동구 성내동 459-6,W84,37.527202702,127.12166202,
109,OC3CL200205,서울특별시 강동구 성내동 19-1,W84,37.536777281,127.12873612,
110,OC3CL200171,서울특별시 강동구 양재대로 1716,W84,37.558698919,127.144334235,
111,OC3CL200131,서울특별시 강동구 강일동 601-1,W84,37.563207884,127.172348516,
112,OC3CL200123,서울특별시 강동구 성내동 449-15,W84,37.521954252,127.133721047,
113,OC3CL200071,서울특별시 강동구 고덕동 197-4,W84,37.559413432,127.170816792,
114,OC3CL200158,서울특별시  강동구 둔촌동 180-2 ,W84,37.519393591,127.139318186,
115,OC3CL210108,서울특별시 강동구 명일동 312-250,W84,37.551219,127.142892,
116,OC3CL210110,서울특별시 강동구 명일동 322-1,W84,37.551007,127.141546,
117,OC3CL210101,서울특별시 강동구 암사동 421-98,W84,37.550864,127.140121,
118,OC3CL210099,서울특별시 강동구 암사동 425-181,W84,37.550809,127.138698,
119,OC3CL210100,서울특별시 강동구 암사동 477-22,W84,37.550091,127.137133,
120,OC3CL210112,서울특별시 강동구 암사동 487-37,W84,37.549388,127.136401,
121,OC3CL210113,서울특별시 강동구 암사동 487-30,W84,37.548469,127.135694,
122,OC3CL210109,서울특별시 강동구 천호동 293-13,W84,37.546624,127.134161,
123,OC3CL210106,서울특별시 강동구 천호동 294-23,W84,37.545723,127.133548,
124,OC3CL210105,서울특별시 강동구 천호동 297-2,W84,37.545095,127.133058,
125,OC3CL210104,서울특별시 강동구 천호동 280-15,W84,37.543174,127.131691,
126,OC3CL210103,서울특별시 강동구 천호동 397-17,W84,37.541053,127.129818,
127,OC3CL210114,서울특별시 강동구 성내동 382-6,W84,37.5338967,127.133699,
128,OC3CL210102,서울특별시 강동구 성내동 407,W84,37.532012,127.132767,
129,OC3CL210111,서울특별시 강동구 성내동 409-1,W84,37.530736,127.132165,
130,OC3CL210107,서울특별시 강동구 성내동 422,W84,37.528351,127.130989,
131,OC3CL210115,서울특별시 강동구 성내동 435-12,W84,37.525641,127.129665,
132,V02Q1940330,서울특별시 강북구 미아동 791-985,W84,37.627788213,127.019350684,
133,V02Q1940160,서울특별시 강북구 수유동 279-306,W84,37.647918746,127.012456138,
134,V02Q1940314,서울특별시 강북구 미아동 679-12,W84,37.618561243,127.022803822,
135,V02Q1940207,서울특별시 강북구 미아동 1353,W84,37.617077135,127.015272460,
136,V02Q1940431,서울특별시 강북구 번동 454-116,W84,37.636389450,127.033963592,
137,V02Q1940394,서울특별시 강북구 번동 253,W84,37.632133192,127.038099294,
138,V02Q1940414,서울특별시 강북구 번동 241,W84,37.625965579,127.046177842,
139,V02Q1940386,서울특별시 강북구 미아동 87-115,W84,37.615898092,127.034160265,
140,V02Q1940429,서울특별시 강북구 수유동 553-61,W84,37.642010944,127.011032768,
141,V02Q1940378,서울특별시 강북구 수유동 472-564,W84,37.631155545,127.016796019,
142,V02Q1940300,서울특별시 강북구 수유동 605-207,W84,37.643785116,127.019451660,
143,V02Q1940409,서울특별시 강북구 수유동 142,W84,37.638094909,127.023769840,
144,V02Q1940137,서울특별시 강북구 미아동 195-1,W84,37.627319486,127.027150570,
145,V02Q1940107,서울특별시 강북구 미아동 1354-15,W84,37.620774122,127.012353218,
146,V02Q1940340,서울특별시 강북구 미아동 229-22,W84,37.625555196,127.027215038,
147,V02Q1940253,서울특별시 강북구 우이동 80,W84,37.653908316,127.011201895,
148,V02Q1940949,서울특별시 강북구 수유동 55-7,W84,37.630375704,127.022627851,
149,V02Q1940746,서울특별시 강북구 수유동 55-7,W84,37.632189703,127.021742016,
150,V02Q1940448,서울특별시 강북구 수유동 54-5,W84,37.630759384,127.023550324,
151,V02Q1940477,서울특별시 강북구 우이동 165-22,W84,37.662020800,127.011085788,
152,V02Q1940823,서울특별시 강북구 수유동 605-613,W84,37.635061606,127.018162863,
153,V02Q1940763,서울특별시 강북구 번동 148-383,W84,37.626592071,127.034623328,
154,V02Q1940712,서울특별시 강북구 수유동 568-100,W84,37.647922785,127.011898041,
155,OC3CL200134,서울특별시 강북구 번동 417-58,W84,37.63736615,127.029152562,
156,OC3CL200066,서울특별시 강북구 미아동 754-63,W84,37.623005664,127.021891517,
157,OC3CL200133,서울특별시 강북구 미아동 61-17,W84,37.6146516,127.028974,
158,OC3CL200132,서울특별시 강북구 수유동 535-228,W84,37.64400709,127.00394086,
159,OC3CL200130,서울특별시 강북구 미아동 791-1549,W84,37.625232955,127.013859622,
160,OC3CL200129,서울특별시 강북구 번동 248,W84,37.623319683,127.046057943,
161,OC3CL200136,서울특별시 강북구 수유동 719-2,W84,37.647179302,127.024618696,
162,OC3CL200104,서울특별시 강북구 수유동 32-2,W84,37.640616785,127.021636992,
163,OC3CL200100,서울특별시  강북구 번동 95-7,W84,37.619993989,127.043786358,
164,OC3DL2200005,서울특별시 강북구 번동 148-232,W84,37.62550525,127.03692932,
165,OC3DL2200006,서울특별시 강북구 미아동 1-46,W84,37.61892126,127.03617895,
166,V02Q1940114,서울특별시 강서구 가양동 146-32,W84,37.569296789,126.842732481,
167,V02Q1940066,서울특별시 강서구 가양동 36-3,W84,37.567219313,126.847516511,
168,V02Q1940130,서울특별시 강서구 가양동 1484,W84,37.561248775,126.859664345,
169,V02Q1940163,서울특별시 강서구 공항동 60-10,W84,37.559388276,126.809855638,
170,V02Q1940104,서울특별시 강서구 등촌동 653-8,W84,37.555155624,126.858558005,
171,V02Q1940180,서울특별시 강서구 등촌동 산 89-3,W84,37.538037714,126.862833631,
172,V02Q1940166,서울특별시 강서구 등촌동 659,W84,37.557852230,126.849018010,
173,V02Q1940124,서울특별시 강서구 내발산동 686-4,W84,37.553382259,126.832575772,
174,V02Q1940105,서울특별시 강서구 방화동 281-20,W84,37.572875749,126.815190398,
175,V02Q1940125,서울특별시 강서구 방화동 620-32,W84,37.562679221,126.808624478,
176,V02Q1940126,서울특별시 강서구 방화동 318-2,W84,37.578362144,126.815908769,
177,V02Q1940069,서울특별시 강서구 염창동 276-9,W84,37.549804868,126.870225166,
178,V02Q1940062,서울특별시 강서구 화곡동 산 60-1,W84,37.548823986,126.843475769,
179,V02Q1940179,서울특별시 강서구 화곡동 46-156,W84,37.5438817,126.84786,
180,V02Q1940162,서울특별시 강서구 화곡동 355-48,W84,37.530599306,126.840569244,
181,V02Q1940182,서울특별시 강서구 화곡동 851-20,W84,37.532378944,126.855337105,
182,V02Q1940167,서울특별시 강서구 화곡동 1089-17,W84,37.544819726,126.835843451,
183,V02Q1940173,서울특별시 강서구 화곡동 943-7,W84,37.534009732,126.861066828,
184,V02Q1940187,서울특별시 강서구 화곡동 1117,W84,37.552957569,126.851359963,
185,V02Q1940193,서울특별시 강서구 화곡동 391-52,W84,37.531106400,126.849942850,
186,V02Q1940113,서울특별시 강서구 염창동 208-2,W84,37.554503973,126.874175440,
187,V02Q1940078,서울특별시 강서구 화곡동 1064,W84,37.542546213,126.840322682,
188,V02Q1940189,서울특별시 강서구 화곡동 산 41-7,W84,37.541750463,126.851591698,
189,V02Q1940346,서울특별시 강서구 화곡동 361-1,W84,37.534383493,126.837996520,
190,V02Q1940853,서울특별시 강서구 화곡동 668-10,W84,37.535219493,126.839853581,
191,V02Q1940093,서울특별시 강서구 방화동 134-20,W84,37.577840846,126.818892025,
192,V02Q1940103,서울특별시 강서구 방화동 산 103-2,W84,37.579042710,126.818492233,
193,V02Q1940181,서울특별시 강서구 화곡동 947-4,W84,37.527577084,126.843082012,
194,V02Q1940072,서울특별시 강서구 화곡동 999-6,W84,37.551836444,126.845860744,
195,V02Q1940782,서울특별시 강서구 화곡동 1019,W84,37.544678280,126.835104168,
196,V02Q1940824,서울특별시 강서구 방화동 17-4,W84,37.584812556,126.821586805,
197,OC3CL200177,서울특별시 강서구 개화동 246-16,W84,37.588700837,126.802493969,
198,OC3CL200082,서울특별시 강서구 개화동 418-194,W84,37.580134544,126.799983213,
199,OC3CL200178,서울특별시 강서구 마곡동 731-199,W84,37.567592865,126.818934397,
200,OC3CL200179,서울특별시 강서구 마곡동 749-4,W84,37.557129053,126.82259039,
201,OC3CL200180,서울특별시 강서구 마곡동 770-7,W84,37.564214678,126.833869037,
202,OC3CL200181,서울특별시 강서구 가양2동 1481,W84,37.564744809,126.853430597,
203,OC3CL200182,서울특별시 강서구 염창동 240-52,W84,37.557347087,126.865903402,
204,OC3CL200183,서울특별시 강서구 염창동 53-1,W84,37.553510482,126.871121109,
205,OC3CL200067,서울특별시 강서구 등촌동 366-70,W84,37.548032567999996,126.860633351,
206,OC3CL200184,서울특별시 강서구 등촌동 522-1,W84,37.547362688,126.861349432,
207,OC3CL200087,서울특별시 강서구 마곡동 728-356,W84,37.555468811,126.826613288,
208,OC3CL200185,서울특별시 강서구 염창동 263(105동),W84,37.548660939,126.874031644,
209,OC3CL200045,서울특별시 강서구 방화동 830-9,W84,37.57782669,126.81333722,
210,OC3CL200025,서울특별시 강서구 마곡동 727-709,W84,37.560034405,126.825875874,
211,OC3CL200026,서울특별시 강서구 마곡동 367-11,W84,37.566680943,126.82612171,
212,OC3CL200027,서울특별시 강서구 마곡동 727-1214,W84,37.559042184,126.836083293,
213,OC3CL200046,서울특별시 강서구 등촌3동 78-7,W84,37.560535763,126.854706781,
214,OC3CL200186,서울특별시 강서구 마곡동 9,W84,37.572451232,126.837170304,
215,OC3CL200172,서울특별시 강서구 화곡동 340-54,W84,37.532734929,126.846310573,
216,OC3CL200187,서울특별시 강서구 방화동 278-31,W84,37.573184977,126.816474219,
217,OC3CL200188,서울특별시 강서구 방화동 247-194,W84,37.56735274,126.816374972,
218,V02Q1940425,서울특별시 관악구 신림동 1468-1,W84,37.486421000,126.933053281,
219,V02Q1940561,서울특별시 관악구 신림동 505,W84,37.485193189,126.918737044,
220,V02Q1940440,서울특별시 관악구 신림동 1602-3,W84,37.481691684,126.927560971,
221,V02Q1940538,서울특별시 관악구 봉천동 975-24,W84,37.486277682,126.936065990,
222,V02Q1940674,서울특별시 관악구 봉천동 1636-2,W84,37.474808425,126.965260142,
223,V02Q1940533,서울특별시 관악구 신림동 562,W84,37.483057586,126.907968763,
224,V02Q1940262,서울특별시 관악구 봉천동 872-23,W84,37.483428028,126.949460805,
225,V02Q1940452,서울특별시 관악구 봉천동 1560-63,W84,37.478892525,126.944462740,
226,V02Q1940272,서울특별시 관악구 봉천동 1693-56,W84,37.478839542,126.961244584,
227,V02Q1940458,서울특별시 관악구 낙성대동 1617-5,W84,37.47633208,126.95621212,
228,V02Q1940532,서울특별시 관악구 신림동 646-449,W84,37.470727878,126.921795051,
229,V02Q1940683,서울특별시 관악구 신림동 1736-12,W84,37.462118231,126.919158834,
230,V02Q1940663,서울특별시 관악구 남현동 1086-1,W84,37.474747271,126.977785908,
231,V02Q1940552,서울특별시 관악구 신림동 808-169,W84,37.476394330,126.915669565,
232,V02Q1940444,서울특별시 관악구 봉천동 661-38,W84,37.488600304,126.932640904,
233,V02Q1940557,서울특별시 관악구 신림동 808-502,W84,37.469277115,126.931636320,
234,V02Q1940512,서울특별시 관악구 신림동 408-35,W84,37.475561680,126.934891149,
235,V02Q1940445,서울특별시 관악구 신림동 90-67,W84,37.480392072,126.932355178,
236,V02Q1940657,서울특별시 관악구 봉천동 823,W84,37.489760672,126.947832361,
237,V02Q1940625,서울특별시 관악구 봉천동 801,W84,37.490698824,126.958704722,
238,V02Q1940465,서울특별시 관악구 신림동 244-17,W84,37.468519568,126.940047171,
239,V02Q1940468,서울특별시 관악구 봉천동 1706,W84,37.484329670,126.959457614,
240,V02Q1940446,서울특별시 관악구 봉천동 980-1,W84,37.480432106,126.953267798,
241,V02Q1940260,서울특별시 관악구 신림동 251-241,W84,37.464852583,126.939899246,
242,V02Q1940517,서울특별시 관악구 신원로 3다길 1,W84,37.482486215,126.926497060,
243,V02Q1940658,서울특별시 관악구 신림동 1586-1,W84,37.483557257,126.925669500,
244,V02Q1940457,서울특별시 관악구 신림동 산 156-9,W84,37.473194847,126.931912005,
245,V02Q1940462,서울특별시 관악구 신림동 1469-7,W84,37.489379779,126.922369606,
246,V02Q1940548,서울특별시 관악구 봉천동 산 146-28,W84,37.491245834,126.930777034,
247,V02Q1940493,서울특별시 관악구 봉천동 622-1,W84,37.487065431,126.942038141,
248,V02Q1940694,서울특별시 관악구 봉천동 981-9,W84,37.480240807,126.942708134,
249,V02Q1940558,서울특별시 관악구 봉천동 981-4,W84,37.479704346,126.947473749,
250,V02Q1940547,서울특별시 관악구 봉천동 1693-42,W84,37.477791485,126.955297390,
251,V02Q1940672,서울특별시 관악구 신림동 1469-4,W84,37.487974664,126.925810645,
252,V02Q1940549,서울특별시 관악구 신림동 598-8,W84,37.475637555,126.922158721,
253,V02Q1940704,서울특별시 관악구 신림동 676-30,W84,37.463273403,126.918075657,
254,V02Q1940689,서울특별시 관악구 봉천동 981-13,W84,37.483345261,126.937798795,
255,V02Q1940671,서울특별시 관악구 신림동 1714,W84,37.463770351,126.925690486,
256,V02Q1940725,서울특별시 관악구 신림동 1676-17,W84,37.479821352,126.902365272,
257,V02Q1940678,서울특별시 관악구 봉천동 979-7,W84,37.482581213,126.942046040,
258,V02Q1940681,서울특별시 관악구 남현동 1071-41,W84,37.475596249,126.973598246,
259,V02Q1940669,서울특별시 관악구 남현동 1060-1,W84,37.476427401,126.980135141,
260,V02Q1940537,서울특별시 관악구 봉천동 1693-29,W84,37.475646812,126.952494018,
261,V02Q1940633,서울특별시 관악구 신림동 237-30,W84,37.470511388,126.940959642,
262,V02Q1940589,서울특별시 관악구 신림동 408-2,W84,37.476475075,126.936467643,
263,V02Q1940680,서울특별시 관악구 봉천동 970-21,W84,37.489325720,126.928862955,
264,V02Q1940667,서울특별시 관악구 봉천동 728-1,W84,37.492658351,126.926973888,
265,V02Q1940703,서울특별시 관악구 신림동 1475-55,W84,37.480634340,126.914581853,
266,V02Q1940701,서울특별시 관악구 신림동 808-173,W84,37.473738394,126.917660902,
267,V02Q1940676,서울특별시 관악구 신림동 산 102-9,W84,37.458885296,126.922519447,
268,V02Q1940682,서울특별시 관악구 신림동 산 87-17,W84,37.461887259,126.924455400,
269,V02Q1940269,서울특별시 관악구 신림동 1513-7,W84,37.471740618,126.933155701,
270,V02Q1940645,서울특별시 관악구 신림동 320,W84,37.461539009,126.930247531,
271,V02Q1940550,서울특별시 관악구 봉천동 458-42,W84,37.486348063,126.951494059,
272,V02Q1940673,서울특별시 관악구 신림동 495,W84,37.487996202,126.918237414,
273,V02Q1940677,서울특별시 관악구 신림동 1648-3,W84,37.484587461,126.907034844,
274,V02Q1940510,서울특별시 관악구 봉천동 1718-10,W84,37.492671311,126.945268507,
275,V02Q1940555,서울특별시 관악구 봉천동 738-360,W84,37.485477639,126.947493445,
276,V02Q1940660,서울특별시 관악구 신림동 1469-9,W84,37.487129427,126.923453033,
277,V02Q1940666,서울특별시 관악구 봉천동 178-178,W84,37.470471522,126.967954286,
278,V02Q1940685,서울특별시 관악구 신림동 808-266,W84,37.478396019,126.916261896,
279,V02Q1940652,서울특별시 관악구 신림동 1675-8,W84,37.483708428,126.902520271,
280,V02Q1940591,서울시 관악구 성현동 1704,W84,37.478910442,126.949252464,
281,V02Q1940560,서울시 관악구 봉천동 1573-12,W84,37.492477025,126.956310667,
282,V02Q1940675,서울특별시 관악구 봉천동 1693-13,W84,37.478276789,126.939572865,
283,V02Q1940692,서울특별시 관악구 봉천동 635-383,W84,37.490492222,126.941430088,
284,V02Q1940662,서울특별시 관악구 봉천동 850-3,W84,37.475726437,126.942535256,
285,V02Q1940691,서울특별시 관악구 신림동 1698,W84,37.466253246,126.930740417,
286,V02Q1940884,서울특별시 관악구 신림동 1439-3,W84,37.487397413,126.927124363,
287,OC3CL200189,서울특별시 관악구 신림동 1627-11,W84,37.479065955,126.9265235,
288,OC3CL200173,서울특별시 관악구 조원동 537-33,W84,37.482486765,126.914154559,
289,OC3CL200028,서울특별시 관악구 봉천동 1603-4,W84,37.479154221,126.953709724,
290,V02Q2300001,서울특별시 관악구 신림동 289-3,W84,37.47129464,126.9341757,
291,V02Q2300002,서울특별시 관악구 신림동 815-2,W84,37.47088656,126.93910684,
292,V02Q1941000,서울특별시 관악구 신림동길 14,W84,37.4871672,126.9259298,
293,V02Q1940202,서울특별시 광진구 중곡동 665,W84,37.560119378,127.079537928,
294,V02Q1940280,서울특별시 광진구 중곡동 265-8,W84,37.561975588,127.085032552,
295,V02Q1940200,서울특별시 광진구 중곡동 695,W84,37.568501968,127.080104482,
296,V02Q1940209,서울특별시 광진구 중곡동 452-1,W84,37.559024868,127.090120711,
297,V02Q1940305,서울특별시 광진구 능동 156-2,W84,37.553149621,127.080543809,
298,V02Q1940327,서울특별시 광진구 구의동 237-10,W84,37.542256532,127.085113570,
299,V02Q1940294,서울특별시 광진구 구의동 113,W84,37.548160591,127.089682707,
300,V02Q1940392,서울특별시 광진구 구의동 217-16,W84,37.538286643,127.092396830,
301,V02Q1940371,서울특별시 광진구 광장동 248-23,W84,37.546677593,127.103453692,
302,V02Q1940403,서울특별시 광진구 자양동 630,W84,37.534309074,127.081985567,
303,V02Q1940391,서울특별시 광진구 자양동 668,W84,37.528616803,127.085121222,
304,V02Q1940393,서울특별시 광진구 자양동 520-2,W84,37.533488262,127.073006117,
305,V02Q1940383,서울특별시 광진구 자양동 831-1,W84,37.533285662,127.065647463,
306,V02Q1940204,서울특별시 광진구 화양동 111-140,W84,37.546696348,127.072036473,
307,V02Q1940134,서울특별시 광진구 군자동 55-1,W84,37.555797885,127.075819699,
308,V02Q1940411,서울특별시 광진구 구의동 607,W84,37.533878243,127.091521000,
309,V02Q1940387,서울특별시 광진구 화양동 4-20,W84,37.540054044,127.070979283,
310,V02Q1940416,서울특별시 광진구 구의동 617-45,W84,37.547768223,127.086373575,
311,V02Q1940888,서울특별시 광진구 중곡동 265-5,W84,37.563073533,127.081994745,
312,V02Q1940860,서울특별시 광진구 자양동 720,W84,37.533442403,127.080963254,
313,V02Q1940506,서울특별시 광진구 구의동 546-11,W84,37.535089673,127.093220689,
314,V02Q1940779,서울특별시 광진구 구의동 164,W84,37.544958729,127.094304750,
315,V02Q1940815,서울특별시 광진구 자양동 427-28,W84,37.529991554,127.071004875,
316,V02Q1940812,서울특별시 광진구 자양동 97-5,W84,37.549837884,127.110488168,
317,OC3CL200012,서울특별시 광진구 화양동 34-75,W84,37.544001939,127.069731265,
318,OC3CL200029,서울특별시 광진구 구의동 246-8,W84,37.537680253,127.085212501,
319,OC3CL200190,서울 광진구 광장동 328-2,W84,37.547685182,127.106920955,
320,OC3CL200142,서울특별시 광진구 중곡동 485-7,W84,37.567182174,127.077139456,
321,OC3CL200143,서울특별시 광진구 중곡동 72-59,W84,37.562336081,127.096064652,
322,OC3DL2200015,서울특별시 광진구 천호대로 123길 83-13,W84,37.55933497,127.08579483,
323,OC3DL2200014,서울특별시 광진구 용마산로22길 9,W84,37.56365801,127.0876893,
324,OC3DL2200013,서울특별시 광진구 군자로 11길 11,W84,37.55081905,127.07047365,
325,OC3DL2200012,서울특별시 광진구 광장로89,W84,37.54805923,127.10684333,
326,OC3DL220022,서울특별시 광진구 천호대로 553,W84,37.55745889,127.07982995,
327,V02Q1940046,서울특별시 구로구 궁동 212-15,W84,37.494402621,126.831472122,
328,V02Q1940111,서울특별시 구로구 가리봉동 132-53,W84,37.509299493,126.878380050,
329,V02Q1940165,서울특별시 구로구 오류동 38-29,W84,37.496891978,126.843727057,
330,V02Q1940056,서울특별시 구로구 오류동 182-22,W84,37.487430327,126.838527418,
331,V02Q1940047,서울특별시 구로구 우마2길 54,W84,37.4827275,126.8906834,
332,V02Q1940050,서울특별시 구로구 개봉동 139-54,W84,37.499541706,126.850773326,
333,V02Q1940054,서울특별시 구로구 개봉동 328-23,W84,37.490491176,126.855377723,
334,V02Q1940051,서울특별시 구로구 개봉동 375-4,W84,37.484557315,126.853709582,
335,V02Q1940086,서울특별시 구로구 고척동 73-3,W84,37.497754034,126.863310732,
336,V02Q1940065,서울특별시 구로구 고척동 283-2,W84,37.505683034,126.858610249,
337,V02Q1940045,서울특별시 구로구 구로동 1259,W84,37.489587945,126.876439453,
338,V02Q1940043,서울특별시 구로구 구로동로23길,W84,37.490028638,126.883553746,
339,V02Q1940052,서울특별시 구로구 구로동 777-34,W84,37.487180792,126.889626281,
340,V02Q1940044,서울특별시 구로구 구로동 317-20,W84,37.491831149,126.889155382,
341,V02Q1940055,서울특별시 구로구 구로동 50-9,W84,37.501113794,126.892396674,
342,V02Q1940083,서울특별시 구로구 개봉동 480,W84,37.491370956,126.860779702,
343,V02Q1940073,서울특별시 구로구 구로동 426-83,W84,37.493826068,126.884076842,
344,V02Q1940070,서울특별시 구로구 항동 1-10,W84,37.486832676,126.823712057,
345,V02Q1940136,서울특별시 구로구 구로동 733-28,W84,37.489467486,126.884839411,
346,V02Q1940862,서울특별시 구로구 구로동 735-16,W84,37.488878537,126.885115720,
347,V02Q1940858,서울특별시 구로구 구로동 762,W84,37.488216158,126.885138117,
348,V02Q1940140,서울특별시 구로구 고척동 291-1,W84,37.502484707,126.851040478,
349,V02Q1940515,서울특별시 구로구 고척동 291-1,W84,37.501748618,126.850769667,
350,V02Q1940057,서울특별시 구로구 개봉동 416-2,W84,37.505264288,126.845127433,
351,V02Q1940061,서울특별시 구로구 구로동 614-3,W84,37.505279963,126.874621662,
352,V02Q1940090,서울특별시 구로구 온수동 53-11,W84,37.491671862,126.823131106,
353,V02Q1940751,서울특별시 구로구 구로동 105-1,W84,37.498488698,126.889502495,
354,OC3CL200191,서울특별시 구로구 수궁동 온수동67-15,W84,37.494027826,126.818242693,
355,OC3CL200159,서울특별시 구로구 오류동 산42-40,W84,37.485810969,126.830671965,
356,OC3CL200192,서울특별시 구로구 천왕동 278-2,W84,37.483291137,126.841400088,
357,OC3CL200193,서울특별시 구로구 구로동 810-2,W84,37.484822851,126.901431192,
358,V02Q1940428,서울특별시 금천구 가산동 152-28,W84,37.475806357,126.892907759,
359,V02Q1940474,서울특별시 금천구 독산동 294-8,W84,37.4683857,126.8938606,
360,V02Q1940483,서울특별시 금천구 독산동 378-451,W84,37.463094923,126.903967773,
361,V02Q1940369,서울특별시 금천구 독산동 980-44,W84,37.474322540,126.902419701,
362,V02Q1940484,서울특별시 금천구 독산동 1020-21,W84,37.468026771,126.902191236,
363,V02Q1940702,서울특별시 금천구 시흥동 1000-82,W84,37.453351538,126.904030967,
364,V02Q1940699,서울특별시 금천구 시흥동 270-7,W84,37.449993312,126.912904394,
365,V02Q1940730,서울특별시 금천구 시흥동 655-11,W84,37.439934790,126.907172587,
366,V02Q1940777,서울특별시 금천구 시흥동 812-38,W84,37.458870577,126.905912208,
367,V02Q1940641,서울특별시 금천구 시흥동 산 77-9,W84,37.446719338,126.910233665,
368,V02Q1940407,서울특별시 금천구 독산동 1150,W84,37.458443860,126.895089073,
369,V02Q1940486,서울특별시 금천구 독산동 1002-5,W84,37.466702737,126.890697047,
370,V02Q1940479,서울특별시 금천구 독산4동 산 193-3,W84,37.467647317,126.907496394,
371,V02Q1940374,서울특별시 금천구 독산동 1080-4,W84,37.464318170,126.897235488,
372,V02Q1940693,서울특별시 금천구 시흥동 1000-35,W84,37.456068384,126.900317769,
373,V02Q1940690,서울특별시 금천구 시흥동 1001-5,W84,37.445514669,126.904124226,
374,V02Q1940247,서울특별시 금천구 독산동 독산로54길 114,W84,37.467563913,126.908102280,
375,V02Q1940656,서울특별시 금천구 가산동 가산로5길 43,W84,37.473510682,126.892134675,
376,V02Q1940220,서울특별시 금천구 시흥동 267-9,W84,37.449538031,126.914702737,
377,V02Q1940948,서울특별시 금천구 독산4동 371-2,W84,37.470076550,126.907222998,
378,V02Q1940495,서울특별시 금천구 독산동 870-2,W84,37.461455378,126.890018836,
379,V02Q1940405,서울특별시 금천구 독산동 330-40,W84,37.468578018,126.892576074,
380,V02Q1940880,서울특별시 금천구 시흥동 832-14,W84,37.452374751,126.908303963,
381,OC3CL200057,서울특별시 금천구 가산동 239-26,W84,37.474682813,126.887406293,
382,V02Q1940266,서울특별시 노원구 공릉동 499-1,W84,37.625100770,127.073488361,
383,V02Q1940299,서울특별시 노원구 공릉동 87-4,W84,37.621127537,127.083295965,
384,V02Q1940281,서울특별시 노원구 상계동 666 -3,W84,37.661091646,127.059043515,
385,V02Q1940275,서울특별시 노원구 상계동 1254-1,W84,37.682424032,127.052678060,
386,V02Q1940234,서울특별시 노원구 상계동 389-635,W84,37.658164713,127.068454235,
387,V02Q1940128,서울특별시 노원구 상계동 56-3,W84,37.674109621,127.081840073,
388,V02Q1940146,서울특별시 노원구 상계동 159-4,W84,37.662543053,127.069311242,
389,V02Q1940216,서울특별시 노원구 상계동 748,W84,37.651978806,127.064043899,
390,V02Q1940075,서울특별시 노원구 상계동 660,W84,37.667384076,127.053456508,
391,V02Q1940238,서울특별시 노원구 상계동 689-1,W84,37.664753976,127.063365730,
392,V02Q1940290,서울특별시 노원구 월계동 429-32,W84,37.620542430,127.062463216,
393,V02Q1940155,서울시 노원구 월계동 777-1,W84,37.605953574,127.094129017,
394,V02Q1940291,서울특별시 노원구 월계동 3-3,W84,37.621314751,127.069508731,
395,V02Q1940267,서울특별시 노원구 중계동 366,W84,37.652649252,127.078239562,
396,V02Q1940154,서울특별시 노원구 중계동 510-5,W84,37.642158807,127.069869839,
397,V02Q1940210,서울특별시 노원구 중계동 129-6,W84,37.660883747,127.078859170,
398,V02Q1940183,서울특별시 노원구 중계동 87-1,W84,37.647742881,127.081122563,
399,V02Q1940132,서울특별시 노원구 하계동 251-6,W84,37.640104010,127.072986056,
400,V02Q1940157,서울특별시 노원구 하계동 336-45,W84,37.631641144,127.067454166,
401,V02Q1940215,서울특별시 노원구 공릉동 420-13,W84,37.626997700,127.079123124,
402,V02Q1940226,서울특별시 노원구 월계동 47-33,W84,37.615448772,127.064609104,
403,V02Q1940298,서울특별시 노원구 상계동 산 62-7,W84,37.674524430,127.061569891,
404,V02Q1940885,서울특별시 노원구 상계동 1318-1,W84,37.659896978,127.068541738,
405,V02Q1940950,서울특별시 노원구 공릉동 552-4,W84,37.622809925,127.074963276,
406,V02Q1940076,서울특별시 노원구 공릉동 587-8,W84,37.622023532,127.077480597,
407,V02Q1940150,서울특별시 노원구 상계동 770-2,W84,37.644166701,127.060686742,
408,V02Q1940257,서울특별시 노원구 중계동 504-2,W84,37.639563904,127.060567269,
409,V02Q1940245,서울특별시 노원구 상계동 1054-4,W84,37.673724200,127.050597207,
410,V02Q1940153,서울특별시 노원구 상계동 산 44-114,W84,37.679806447,127.063059454,
411,V02Q1940151,서울특별시 노원구 상계동 1146-11,W84,37.679160221,127.052082794,
412,V02Q1940755,서울특별시 노원구 상계동 389-483,W84,37.658856107,127.068500793,
413,OC3CL200206,서울특별시 노원구 중계동 425-8,W84,37.65341035,127.073703434,
414,OC3CL200160,서울특별시  노원구 상계동 730,W84,37.653348871,127.060632652,
415,OC3CL200213,서울특별시 노원구 상계동 1171-2,W84,37.684278382,127.055284297,
416,OC3CL200144,서울특별시  노원구 월계동 472-49,W84,37.616493981,127.059657015,
417,V02Q1940329,서울특별시 도봉구 도봉동 638-9,W84,37.680506067,127.044592639,
418,V02Q1940264,서울특별시 도봉구 도봉동 637-90,W84,37.671181441,127.045155100,
419,V02Q1940334,서울특별시 도봉구 방학동 685-69,W84,37.665639055,127.040068726,
420,V02Q1940203,서울특별시 도봉구 방학동 606-5,W84,37.669322061,127.032315603,
421,V02Q1940338,서울특별시 도봉구 방학동 565-12,W84,37.660906226,127.023400235,
422,V02Q1940320,서울특별시 도봉구 쌍문동 419-6,W84,37.649767589,127.019891368,
423,V02Q1940205,서울특별시 도봉구 쌍문동 29-3,W84,37.659465824,127.037995194,
424,V02Q1940342,서울특별시 도봉구 쌍문동 315-361,W84,37.648071356,127.029080112,
425,V02Q1940324,서울특별시 도봉구 쌍문동 137-114,W84,37.651536117,127.030631818,
426,V02Q1940323,서울특별시 도봉구 창동 347,W84,37.649251734,127.046112438,
427,V02Q1940265,서울특별시 도봉구 창동 445-22,W84,37.640685309,127.035473709,
428,V02Q1940242,서울특별시 도봉구 창동 산 194-2,W84,37.639440368,127.042584289,
429,V02Q1940404,서울특별시 도봉구 창동 17,W84,37.653207240,127.052329425,
430,V02Q1940091,서울특별시 도봉구 창동 274-13,W84,37.656045003,127.043718917,
431,V02Q1940331,서울특별시 도봉구 쌍문동 143-52,W84,37.650506581,127.033422705,
432,V02Q1940345,서울특별시 도봉구 창동 660-7,W84,37.649170939,127.035284494,
433,V02Q1940303,서울특별시 도봉구 도봉동 39-3,W84,37.689231812,127.046734855,
434,V02Q1940846,서울특별시 도봉구 창동 542-1,W84,37.637396377,127.039003681,
435,V02Q1940799,서울특별시 도봉구 창동 557-72,W84,37.637816803,127.038270960,
436,V02Q1940135,서울특별시 도봉구 도봉동 353-29,W84,37.690991222,127.042373479,
437,V02Q1940390,서울특별시 도봉구 창동 135-84,W84,37.654728776,127.047743044,
438,V02Q1940325,서울특별시 도봉구 도봉동 287-15,W84,37.689238470,127.041879527,
439,V02Q1940665,서울특별시 도봉구 창동 445-22,W84,37.640683410,127.035490388,
440,V02Q1940889,서울특별시 도봉구 창동 585-13,W84,37.639946360,127.036010700,
441,V02Q1940783,서울특별시 도봉구 창동 445-10,W84,37.639645297,127.038053156,
442,V02Q1940752,서울특별시 도봉구 쌍문동 산 80-1,W84,37.654166168,127.029228176,
443,OC3CL200128,서울특별시 도봉구 도봉동 599-41,W84,37.675014011,127.042667238,
444,OC3CL200125,서울특별시 도봉구 방학동 722-2,W84,37.663693665,127.048621224,
445,OC3CL200124,서울특별시 도봉구 쌍문동 81-100,W84,37.653731646,127.033558406,
446,OC3CL200063,서울특별시 도봉구 방학동 264-44,W84,37.661133774,127.036394731,
447,OC3CL200088,서울특별시 도봉구 쌍문동 220,W84,37.660284514,127.033599608,
448,OC3CL200122,서울특별시 도봉구 쌍문동 720-1,W84,37.657140925,127.028452348,
449,OC3CL200089,서울특별시 도봉구 쌍문동 산 240-5 ,W84,37.652040494,127.027044877,
450,OC3CL200121,서울특별시 도봉구 창동442-2,W84,37.642924625,127.041027765,
451,OC3CL200137,서울특별시 도봉구 창동 743-2,W84,37.660799517,127.050756074,
452,OC3CL200030,서울특별시 도봉구 창동 57-11,W84,37.645831436,127.050389987,
453,OC3CL200048,서울특별시 도봉구 창동 134-22,W84,37.653560203,127.046219683,
454,OC3CL200049,서울특별시 도봉구 창동 788-1,W84,37.642585752,127.052532026,
455,OC3CL200050,서울특별시 도봉구 방학동 724-16,W84,37.661844729,127.047719717,
456,OC3CL200051,서울특별시 도봉구 쌍문동 88-144,W84,37.649349549,127.034863949,
457,OC3CL200161,서울특별시  도봉구 도봉동 299,W84,37.688862282,127.04540354,
458,OC3CL200052,서울특별시 도봉구 방학동 726-74,W84,37.66621365,127.046468641,
459,OC3CL200053,서울특별시 도봉구 창동 181-52,W84,37.656907085,127.04639488,
460,OC3CL200145,서울특별시  도봉구 창동 516-4,W84,37.633300953,127.039386926,
461,V02Q1940084,서울특별시 동대문구 이문동 354-18,W84,37.578375170,127.062435444,
462,V02Q1940118,서울특별시 동대문구 전농동 산 32-20,W84,37.582389091,127.031492377,
463,V02Q1940122,서울특별시 동대문구 제기동 190-14,W84,37.585715992,127.047911727,
464,V02Q1940089,서울특별시 동대문구 청량리동 49-1,W84,37.591920242,127.054625269,
465,V02Q1940099,서울특별시 동대문구 회기동 3-2,W84,37.590513804,127.056930217,
466,V02Q1940109,서울특별시 동대문구 휘경동 183-452,W84,37.590780051,127.067112341,
467,V02Q1940049,서울특별시 동대문구 휘경동 368-2,W84,37.576689908,127.036277298,
468,V02Q1940115,서울특별시 동대문구 용두동 792-6,W84,37.598042814,127.065557335,
469,V02Q1940108,서울특별시 동대문구 이문동 357,W84,37.603444027,127.065531590,
470,V02Q1940085,서울특별시 동대문구 장안동 478-11,W84,37.568335627,127.065888469,
471,V02Q1940106,서울특별시 동대문구 전농동 679,W84,37.577580837,127.047193641,
472,V02Q1940081,서울특별시 동대문구 답십리동 1004-10,W84,37.571324256,127.051002473,
473,V02Q1940092,서울특별시 동대문구 답십리동 807,W84,37.571140550,127.064521783,
474,V02Q1940119,서울특별시 동대문구 장안동 338-1,W84,37.570142567,127.072957047,
475,V02Q1940120,서울특별시 동대문구 장안동 284-5,W84,37.579466431,127.072446389,
476,V02Q1940097,서울특별시 동대문구 휘경동 43-179,W84,37.585227838,127.065532717,
477,V02Q1940058,서울특별시 동대문구 전농동 688-8,W84,37.579775245,127.062025196,
478,V02Q1940101,서울특별시 동대문구 용두동 129-3,W84,37.573357240,127.032539856,
479,V02Q1940088,서울특별시 동대문구 답십리동 530-10,W84,37.567820321,127.052534714,
480,V02Q1940096,서울특별시 동대문구 장안동 413-3,W84,37.562987565,127.059587160,
481,V02Q1940116,서울특별시 동대문구 신설동 92-34,W84,37.575544428,127.023874031,
482,V02Q1940785,서울특별시 동대문구 용두동 237-1,W84,37.576145706,127.028836170,
483,OC3CL200195,서울특별시 동대문구 이문동 353,W84,37.604876171,127.0708027,
484,OC3CL200196,서울특별시 동대문구 청량리동 203-167,W84,37.587531933,127.042577228,
485,OC3CL200197,서울특별시 동대문구 청량리동 283,W84,37.581090196,127.04507431,
486,OC3DL2200007,서울특별시 동대문구 답십리동 53-20,W84,37.57264824,127.05754893,
487,OC3DL2200008,서울특별시 동대문구 전농동 25-2,W84,37.57740587,127.0584501,
488,V02Q1940278,서울특별시 동작구 노량진동 84-102,W84,37.512400900,126.942546759,
489,V02Q1940318,서울특별시 동작구 노량진동 302-45,W84,37.508097745,126.937587750,
490,V02Q1940295,서울특별시 동작구 대방동 501,W84,37.508712749,126.925167532,
491,V02Q1940194,서울특별시 동작구 사당동 1092,W84,37.482801864,126.979531094,
492,V02Q1940297,서울특별시 동작구 사당동 산 10-5,W84,37.492956206,126.975760341,
493,V02Q1940289,서울특별시 동작구 사당동 1134,W84,37.487499561,126.968238366,
494,V02Q1940382,서울특별시 동작구 사당동 278-31,W84,37.482066260,126.969678958,
495,V02Q1940397,서울특별시 동작구 사당동 산 32-92,W84,37.487733409,126.964650522,
496,V02Q1940304,서울특별시 동작구 상도1동 486,W84,37.504072526,126.951825456,
497,V02Q1940316,서울특별시 동작구 상도동 178-6,W84,37.504793679,126.940783305,
498,V02Q1940420,서울특별시 동작구 상도동 315-37,W84,37.499213890,126.931259588,
499,V02Q1940319,서울특별시 동작구 상도동 188-42,W84,37.501192635,126.936960737,
500,V02Q1940432,서울특별시 동작구 신대방동 701-7,W84,37.486576543,126.910053380,
501,V02Q1940389,서울특별시 동작구 신대방동 378-10,W84,37.497742476,126.923829622,
502,V02Q1940356,서울특별시 동작구 흑석동 264-27,W84,37.504549468,126.967418377,
503,V02Q1940357,서울특별시 동작구 흑석동 86-201,W84,37.503765953,126.960958358,
504,V02Q1940375,서울특별시 동작구 신대방동 395-73,W84,37.491712757,126.924826159,
505,V02Q1940384,서울특별시 동작구 사당동 산 24-17,W84,37.485912852,126.975186993,
506,V02Q1940756,서울특별시 동작구 상도동 248-16,W84,37.500073592,126.932438141,
507,V02Q1940947,서울특별시 동작구 상도동 518-7,W84,37.499025801,126.952012252,
508,V02Q1940747,서울특별시 동작구 상도동 518-7,W84,37.499725999,126.951396216,
509,V02Q1940952,서울특별시 동작구 사당동 708-646,W84,37.488708568,126.978633256,
510,V02Q1940301,서울특별시 동작구 사당동 91-11,W84,37.489118205,126.980570370,
511,V02Q1940296,서울특별시 동작구 대방동 341-1,W84,37.511969865,126.926302180,
512,V02Q1940190,서울특별시 동작구 동작동 102-17,W84,37.496530966,126.982416760,
513,V02Q1940292,서울특별시 동작구 사당동 72-11,W84,37.490848085,126.981944109,
514,V02Q1940834,서울특별시 동작구 사당동 300-8,W84,37.480982188,126.971648990,
515,OC3CL200120,서울특별시 동작구 신대방동 602-10,W84,37.490110518,126.909734307,
516,OC3CL200119,서울특별시 동작구 상도동 299-156,W84,37.494608536,126.932784939,
517,OC3CL200118,서울특별시 동작구 사당동 419-24,W84,37.478852337,126.975608409,
518,OC3CL200116,서울특별시 동작구 상도동 279-328,W84,37.496229294,126.938564822,
519,OC3CL200068,서울특별시 동작구 흑석동 211-32,W84,37.506194749,126.955133511,
520,OC3CL200073,서울특별시 동작구 상도동 207-5,W84,37.499286078,126.94405714,
521,OC3CL2000086,서울특별시 동작구 상도1동 745-1,W84,37.5026605,126.9477157,
522,OC3CL2000087,서울특별시 동작구 사당동 712-8,W84,37.4843759,126.9714898,
523,OC3CL2000088,서울특별시 동작구 상도로65,W84,37.4940742,126.9558535,
524,OC3CL2000089,서울특별시 동작구 상도동 514,W84,37.4957957,126.9540341,
525,OC3CL2000090,서울특별시 동작구 상도동 370-2,W84,37.5049292,126.9388382,
526,V02Q1940613,서울특별시 마포구 포은로 6길 27,W84,37.555788909,126.905984270,
527,V02Q1940635,서울특별시 마포구 망원동 471-39,W84,37.561275988,126.903330852,
528, V02Q1940612,서울특별시 마포구 상암동 6-4,W84,37.578076172,126.895192779,
529,V02Q1940593,서울특별시 마포구 창전동 329-1,W84,37.546942344,126.930249061,
530,V02Q1940605,서울특별시 마포구 서교동 466-2,W84,37.554430004,126.915440065,
531,V02Q1940467,서울특별시 마포구 성산동 275-57,W84,37.563488521,126.909102050,
532,V02Q1940426,서울특별시 마포구 성산동 165-34,W84,37.568029120,126.907319515,
533,V02Q1940519,서울특별시 마포구 신수동 347,W84,37.547192179,126.934407432,
534,V02Q1940629,서울특별시 마포구 아현동 727-8,W84,37.556894718,126.961592570,
535,V02Q1940696,서울특별시 마포구 연남동 250-1,W84,37.564714906,126.922272544,
536,V02Q1940650,서울특별시 마포구 염리동 154-30,W84,37.546687742,126.945400521,
537,V02Q1940456,서울특별시 마포구 용강동 381-10,W84,37.543102045,126.942692056,
538,V02Q1940638,서울특별시 마포구 합정동 407,W84,37.550293203,126.910390805,
539,V02Q1940647,서울특별시 마포구 공덕동 23-1,W84,37.549480249,126.958483037,
540,V02Q1940661,서울특별시 마포구 대흥동 7-6,W84,37.552313282,126.946601344,
541,V02Q1940700,서울특별시 마포구 도화동 1-452,W84,37.540261822,126.956210073,
542,V02Q1940640,서울특별시 마포구 연남동 369-1,W84,37.563905103,126.919490435,
543,V02Q1940531,서울특별시 마포구 노고산동 31-123,W84,37.554889424,126.936237145,
544,V02Q1940521,서울특별시 마포구 상수동 72-10,W84,37.548762700,126.925522961,
545,V02Q1940622,서울특별시 마포구 성산동 산 53-27,W84,37.570480416,126.896573450,
546,V02Q1940697,서울특별시 마포구 상암동 895,W84,37.587569235,126.882942751,
547,V02Q1940586,서울특별시 마포구 망원동 460-5,W84,37.552877884,126.900901236,
548,V02Q1940449,서울특별시 마포구 망원동 403-2,W84,37.555791177,126.905987083,
549,V02Q1940711,서울특별시 마포구 서교동 485-23,W84,37.553798996,126.912365117,
550,V02Q1940945,서울특별시 마포구 망원동 403-6,W84,37.555243706,126.906902824,
551,V02Q1940581,서울특별시 마포구 망원동 468-16,W84,37.561425064,126.901619949,
552,V02Q1940285,서울특별시 마포구 망원동 386-15,W84,37.554722482,126.910362872,
553,V02Q1940471,서울특별시 마포구 망원동 463-11,W84,37.561086675,126.898801228,
554,V02Q1940451,서울특별시 마포구 성산동 192-19,W84,37.563493539,126.906147898,
555,V02Q1940439,서울특별시 마포구 성산동 630-3,W84,37.559890951,126.917475060,
556,V02Q1940528,서울특별시 마포구 염리동 9-245,W84,37.555307628,126.947000935,
557,V02Q1940728,서울특별시 마포구 염리동 169-12,W84,37.544962869,126.947100001,
558,V02Q1940466,서울특별시 마포구 연남동 224-43,W84,37.563396634,126.927032614,
559,V02Q1940542,서울특별시 마포구 마포동 418-2,W84,37.535392634,126.944436825,
560,V02Q1940490,서울특별시 마포구 대흥동 401-1,W84,37.545534000,126.941096063,
561,V02Q1940534,서울특별시 마포구 노고산동 1-39,W84,37.555722170,126.940289725,
562,V02Q1940620,서울특별시 마포구 성산동 590-8,W84,37.565194468,126.903513437,
563,V02Q1940643,서울특별시 마포구 합정동 85-9,W84,37.544331645,126.912963429,
564,V02Q1940634,서울특별시 마포구 아현동 612-8,W84,37.554067434,126.956525838,
565,V02Q1940606,서울특별시 마포구 노고산동 33-24,W84,37.554459210,126.937692378,
566,V02Q1940461,서울특별시 마포구 신정동 30-2,W84,37.543548656,126.930067638,
567,V02Q1940610,서울특별시 마포구 망원동 453-1,W84,37.556140088,126.896584381,
568,V02Q1940631,서울특별시 마포구 아현동 676,W84,37.556470741,126.948526455,
569,V02Q1940723,서울특별시 마포구 서교동 359,W84,37.552278967,126.923527194,
570,V02Q1940288,서울특별시 마포구 현석동 106-28,W84,37.543956765,126.934121335,
571,V02Q1940626,서울특별시 마포구 서교동 365-29,W84,37.550654660,126.921192311,
572,V02Q1940653,서울특별시 마포구 노고산동 117-31,W84,37.553106066,126.934625963,
573,V02Q1940442,서울특별시 마포구 망원동 416-7,W84,37.557538046,126.902961558,
574,V02Q1940688,서울특별시 마포구 성산동 24-18,W84,37.565520442,126.914860850,
575,V02Q1940722,서울특별시 마포구 서교동 350-1,W84,37.554828667,126.925966058,
576,V02Q1940624,서울특별시 마포구 망원동 408-5,W84,37.554581636,126.903854076,
577,V02Q1940611,서울특별시 마포구 합정동 198-48,W84,37.545528073,126.914756790,
578,V02Q1940684,서울특별시 마포구 용강동 38-3,W84,37.540211081,126.943863779,
579,V02Q1940583,서울특별시 마포구 상수동 347-8,W84,37.545205505,126.923390937,
580,V02Q1940579,서울특별시 마포구 망원동 450-2,W84,37.559629323,126.897668662,
581,V02Q1940497,서울특별시 마포구 도화동 204-14,W84,37.538312104,126.947836750,
582,V02Q1940646,서울특별시 마포구 합정동 406-4,W84,37.547674256,126.911326870,
583,V02Q1940621,서울특별시 마포구 합정동 404,W84,37.546742361,126.914246370,
584,V02Q1940459,서울특별시 마포구 성산동 54-16,W84,37.564510612,126.911621855,
585,V02Q1940535,서울특별시 마포구 신수동 450-3,W84,37.550493287,126.936275920,
586,V02Q1940450,서울특별시 마포구 연남동 361-24,W84,37.565480765,126.917774061,
587,V02Q1940618,서울특별시 마포구 아현동 331-48,W84,37.557133494,126.954403342,
588,V02Q1940576,서울특별시 마포구 상암동 1296-5,W84,37.577176662,126.896669047,
589,V02Q1940619,서울특별시 마포구 신공덕동 8-3,W84,37.546185483,126.956110443,
590,V02Q1940609,서울특별시 마포구 서교동 473-15,W84,37.556275389,126.912238552,
591,V02Q1940854,서울특별시 마포구 망원동 403-2,W84,37.555590595,126.905532976,
592,V02Q1940833,서울특별시 마포구 상암동 499-2,W84,37.571310770,126.870825226,
593,V02Q1940813,서울특별시 마포구 망원동 403-2,W84,37.554617778,126.895956014,
594,OC3CL200096,서울특별시 마포구 망원동 403-5,W84,37.555001336,126.905308393,
595,V02Q1941006,서울특별시 마포구 포은로6길 10,W84,37.5552571,126.9042671,
596,V02Q1940569,서울특별시 서대문구 남가좌동 102-7,W84,37.569421371,126.916755384,
597,V02Q1940520,서울특별시 서대문구 남가좌동 319-23,W84,37.578225524,126.923232245,
598,V02Q1940385,서울특별시 서대문구 북가좌동 408,W84,37.577809729,126.905285588,
599,V02Q1940463,서울특별시 서대문구 북가좌동 357-6,W84,37.579936878,126.907522426,
600,V02Q1940470,서울특별시 서대문구 연희동 142-18,W84,37.578009928,126.935032281,
601,V02Q1940516,서울특별시 서대문구 북아현동 1-1785,W84,37.565060519,126.954334209,
602,V02Q1940412,서울특별시 서대문구 홍은동 11-314,W84,37.600292702,126.945826994,
603,V02Q1940363,서울특별시 서대문구 홍은동 277-47,W84,37.581375321,126.934327311,
604,V02Q1940494,서울특별시 서대문구 홍제동 167-29,W84,37.587446952,126.944520584,
605,V02Q1940509,서울특별시 서대문구 홍제동 136-41,W84,37.586743569,126.947329111,
606,V02Q1940514,서울특별시 서대문구 홍제동 8-172,W84,37.591978674,126.951716595,
607,V02Q1940487,서울특별시 서대문구 북아현동 1002,W84,37.558869480,126.959004501,
608,V02Q1940422,서울특별시 서대문구 대신동 125-26,W84,37.567576951,126.946465791,
609,V02Q1940551,서울특별시 서대문구 천연동 80-41,W84,37.568774860,126.960883381,
610,V02Q1940585,서울특별시 서대문구 대현동 62-13,W84,37.558823129,126.946573015,
611,V02Q1940543,서울특별시 서대문구 홍제동 259-4,W84,37.590102072,126.944662260,
612,V02Q1940592,서울특별시 서대문구 영천동 101-4,W84,37.570558497,126.959673009,
613,V02Q1940488,서울특별시 서대문구 연희동 산 2-5,W84,37.582159204,126.939463278,
614,V02Q1940138,서울특별시 서대문구 창천동 18-54,W84,37.557637123,126.939253586,
615,V02Q1940852,서울특별시 서대문구 홍제동 7-13,W84,37.593740345,126.949763762,
616,OC3CL200146,서울특별시 서대문구 홍제동 44-633,W84,37.578476447,126.950320623,
617,OC3CL200138,서울특별시  서대문구 홍제동 287-261,W84,37.597718644,126.950006342,
618,OC3CL200147,서울특별시  서대문구 홍제동 266-271,W84,37.592249614,126.945161695,
619,OC3CL200148,서울특별시  서대문구 홍은동 275-36,W84,37.579493008,126.934168841,
620,OC3CL200031,서울특별시  서대문구 홍제동 286-27,W84,37.598221127,126.949036914,
621,OC3CL200149,서울특별시  서대문구 북가좌동 352-1,W84,37.583572732,126.910461015,
622,OC3CL200150,서울특별시  서대문구 북가좌동 408-1,W84,37.577116295,126.903617837,
623,OC3CL200228,서울특별시 서대문구 홍제동 294-46,W84,37.591160106,126.943006301,
624,OC3CL200214,서울특별시 서대문구 홍제동 40-63,W84,37.580682318,126.953682251,
625,OC3CL200215,서울특별시 서대문구 홍제동 294-84,W84,37.590821287,126.940927474,
626,OC3CL200086,서울특별시 서대문구 홍은동 산26-155,W84,37.581169009,126.932188331,
627,OC3CL200229,서울특별시 서대문구 현저동 101,W84,37.572944052,126.955584659,
628,OC3CL200061,서울대공원,W84,37.424820304,127.019676386,
629,OC3CL200010,서울대공원 만남의다리-2,W84,37.434384,127.009725,
630,OC3CL200065,서울대공원,W84,37.434363163,127.0113356,
631,OC3CL200011,서울대공원 발레주차장-1,W84,37.433454,127.009297,
632,V02Q1940067,서울특별시 서초구 내곡동 122,W84,37.454335096,127.061884287,
633,V02Q1940268,서울특별시 서초구 사평대로 273,W84,37.5050553,127.0133662,
634,V02Q1940274,서울특별시 서초구 반포동 2-12,W84,37.506611067,126.992439588,
635,V02Q1940282,서울특별시 서초구 잠원동 71-22,W84,37.512490801,127.005876248,
636,V02Q1940141,서울특별시 서초구 반포동 550-35,W84,37.497606293,127.001384085,
637,V02Q1940148,서울특별시 서초구 반포동 1117,W84,37.499989798,126.987037023,
638,V02Q1940368,서울특별시 서초구 양재동 23,W84,37.483260708,127.034979369,
639,V02Q1940380,서울특별시 서초구 양재동 310-6,W84,37.471604627,127.040943637,
640,V02Q1940518,서울특별시 서초구 잠원동 58-27,W84,37.515083767,127.013856492,
641,V02Q1940144,서울특별시 서초구 방배동 921-30,W84,37.482556335,126.994604356,
642,V02Q1940310,서울특별시 서초구 방배동 462-13,W84,37.479848586,126.985401846,
643,V02Q1940249,서울특별시 서초구 방배동 988-1,W84,37.480958238,127.000329751,
644, V02Q1940068,서울특별시 서초구 방배동 838-1,W84,37.491337095,126.992330861,
645,V02Q1940308,서울특별시 서초구 방배동 775-2,W84,37.494125670,126.986853712,
646,V02Q1940400,서울특별시 서초구 서초동 1628-66,W84,37.489274127,127.017886775,
647,V02Q1940402,서울특별시 서초구 서초동 1380,W84,37.491308948,127.026804579,
648,V02Q1940399,서울특별시 서초구 서초동 1740-10,W84,37.491391488,127.012740308,
649,V02Q1940427,서울특별시 서초구 서초동 1685-9,W84,37.499743485,127.016801270,
650,V02Q1940158,서울특별시 서초구 반포동 755,W84,37.502806383,126.990497074,
651,V02Q1940423,서울특별시 서초구 방배동 504-1,W84,37.476600637,126.982639070,
652,V02Q1940398,서울특별시 서초구 양재동 203,W84,37.467371190,127.034789445,
653,V02Q1940348,서울특별시 서초구 우면동 476-13,W84,37.460225019,127.017222459,
654,V02Q1940396,서울특별시 서초구 서초동 1506-39,W84,37.488748362,127.006793393,
655,V02Q1940433,서울특별시 서초구 서초동 1740-19,W84,37.491459713,127.010166364,
656,V02Q1940201,서울특별시 서초구 서초동 1451-34,W84,37.483264904,127.013087171,
657,V02Q1940955,서울특별시 서초구 반포동 4-15,W84,37.504580588,126.994501180,
658,V02Q1940816,서울특별시 서초구 반포동 649-1,W84,37.512412076,126.998682806,
659,OC3CL200085,서울특별시 서초구 반포1동 30-8 ,W84,37.50205663,127.015434377,
660,OC3CL200078,서울특별시 서초구 서초4동 1318-9,W84,37.497938483,127.026813657,
661,OC3CL200077,서울특별시 서초구 반포3동 75-21,W84,37.506232991,127.004228835,
662,OC3CL200079,서울특별시 서초구 방배4동 3001-2,W84,37.485732472,126.983396166,
663,OC3CL200076,서울특별시 서초구 서초3동 1579-9,W84,37.488270837,127.013908707,
664,OC3CL200075,서울특별시 서초구 서초4동 1306-1,W84,37.500619093,127.02601894,
665,OC3CL200054,서울특별시 서초구 양재동 14-6,W84,37.482449736,127.037339858,
666,OC3CL200162,서울특별시 서초구 방배동 1027-6,W84,37.474671864,127.000476219,
667,OC3CL200055,서울특별시 서초구 반포동 128-11,W84,37.500891825,127.0008701,
668,OC3CL200056,서울특별시  서초구 방배2동 산190-2,W84,37.462483152,126.988353465,
669,OC3CL200163,서울특별시 서초구 양재동 221-9,W84,37.46072485,127.03567303,
670,OC3CL200223,서울특별시 서초구 반포동 1340,W84,37.50265195,126.9810508,
671,OC3CL200224,서울특별시 서초구 반포동 1323,W84,37.49975712,126.9910718,
672,V02Q1940473,서울특별시 성동구 금호동1가 1813,W84,37.556809663,127.019920184,
673,V02Q1940636,서울특별시 성동구 금호동2가 1216,W84,37.552272662,127.023020186,
674,V02Q1940526,서울특별시 성동구 금호동4가 800,W84,37.546984916,127.021579388,
675,V02Q1940156,서울특별시 성동구 마장동 780,W84,37.566674857,127.045521513,
676,V02Q1940590,서울특별시 성동구 사근동 190-2,W84,37.560723571,127.048425106,
677,V02Q1940502,서울특별시 성동구 성수동1가 33-3,W84,37.540814810,127.049563967,
678,V02Q1940545,서울특별시 성동구 성수동1가 668-11,W84,37.546306095,127.043641494,
679,V02Q1940556,서울특별시 성동구 성수동2가 333-13,W84,37.540241557,127.054675329,
680,V02Q1940594,서울특별시 성동구 성수동2가 299-33,W84,37.549231792,127.053877502,
681,V02Q1940503,서울특별시 성동구 송정동 72-104,W84,37.554010674,127.068898201,
682,V02Q1940617,서울특별시 성동구 옥수동 362-1,W84,37.541972102,127.016370616,
683,V02Q1940616,서울특별시 성동구 하왕십리동 978-2,W84,37.560443166,127.030835302,
684,V02Q1940563,서울특별시 성동구 도선동 418,W84,37.564129832,127.031439736,
685,V02Q1940603,서울특별시 성동구 용답동 183-1,W84,37.563368336,127.055964397,
686,V02Q1940639,서울특별시 성동구 응봉동 193-111,W84,37.5495881,127.0317196,
687,V02Q1940644,서울특별시 성동구 행당동 287-30,W84,37.561197184,127.034602965,
688,V02Q1940504,서울특별시 성동구 행당동 347,W84,37.559058890,127.028960770,
689,V02Q1940607,서울특별시 성동구 행당동 150-2,W84,37.558871110,127.038552736,
690,V02Q1940628,서울특별시 성동구 마장동 765-1,W84,37.568356828,127.040528854,
691,V02Q1940615,서울특별시 성동구 하왕십리동 1060,W84,37.557838543,127.024148057,
692,V02Q1940642,서울특별시 성동구 용답동 239-3,W84,37.560215516,127.064339113,
693,V02Q1940670,서울특별시 성동구 성수동1가 34-17,W84,37.539279182,127.049873167,
694,V02Q1940454,서울특별시 성동구 용답동 239-1,W84,37.561013865,127.059052462,
695,V02Q1940582,서울특별시 성동구 응봉동 193-165,W84,37.548897364,127.030960576,
696,V02Q1940828,서울특별시 성동구 마조로 9길 16,W84,37.561332045,127.039688831,
697,V02Q1940261,서울특별시 성동구 성수동1가 13-219,W84,37.549808841,127.049770229,
698,V02Q1940735,서울특별시 성동구 마장동 479-33,W84,37.568406512,127.033660707,
699,V02Q1940112,서울특별시 성동구 송정동 92-29,W84,37.556504509,127.071193511,
700,V02Q1940491,서울특별시 성동구 용답동 103-9,W84,37.5671822,127.0515119,
701,V02Q1940623,서울특별시 성동구 마장동 831,W84,37.563719858,127.039492971,
702,V02Q1940587,서울특별시 성동구 성수동2가 279,W84,37.546671331,127.062139709,
703,V02Q1940739,서울특별시 성동구 금호동3가 1266,W84,37.549762090,127.019608782,
704,V02Q1940870,서울특별시 성동구 성수동1가 160-1,W84,37.538102738,127.046880664,
705,V02Q1940588,서울특별시 성동구 사근동 126-104,W84,37.558188670,127.050826556,
706,V02Q1940601,서울특별시 성동구 사근동 182-17,W84,37.560264565,127.048014605,
707,V02Q1940441,서울특별시 성동구 행당동 134-9,W84,37.558372332,127.037694516,
708,V02Q1940738,서울특별시 성동구 금호동3가 700,W84,37.551372140,127.021554176,
709,V02Q1940460,서울특별시 성동구 성수동1가 685-185,W84,37.548884235,127.042547472,
710,V02Q1940367,서울특별시 성동구 금호동2가 223-1,W84,37.554394775,127.020099839,
711,V02Q1940758,서울특별시 성동구 행당동 299-18,W84,37.560119488,127.031606382,
712,V02Q1940270,서울특별시 성동구 성수동1가 8-5,W84,37.547286983,127.046740172,
713,V02Q1940842,서울특별시 성동구 응봉동 15,W84,37.552142480,127.035584790,
714,V02Q1940258,서울특별시 성동구 하왕십리동 990-1,W84,37.562998002,127.028435382,
715,V02Q1940871,서울특별시 성동구 마장동 450-65,W84,37.571146650,127.037105979,
716,V02Q1940868,서울특별시 성동구 용답동 28-7,W84,37.560512835,127.052853492,
717,V02Q1940627,서울특별시 성동구 송정동 73-879,W84,37.551819341,127.067379627,
718,V02Q1940753,서울특별시 성동구 금호동1가 1500-3,W84,37.549364662,127.026655727,
719,V02Q1940866,서울특별시 성동구 행당동 317-18,W84,37.558038604,127.029649353,
720,V02Q1940575,서울특별시 성동구 행당동 375-13,W84,37.555822871,127.032318247,
721,V02Q1940263,서울특별시 성동구 용답동 239-3,W84,37.560874377,127.062747282,
722,V02Q1940733,서울특별시 성동구 성수동2가 834,W84,37.548189710,127.056597845,
723,V02Q1940496,서울특별시 성동구 성수동2가 255-2,W84,37.538775645,127.059760733,
724,V02Q1940744,서울특별시 성동구 성수동2가 314-20,W84,37.544751429,127.053111792,
725,V02Q1940511,서울특별시 성동구 응봉동 265-318,W84,37.552655082,127.029032211,
726,V02Q1940632,서울특별시 성동구 홍익동 594,W84,37.564964319,127.034474790,
727,V02Q1940580,서울특별시 성동구 용답동 125-1,W84,37.566729843,127.051058361,
728,V02Q1940761,서울특별시 성동구 마장동 산 23-2,W84,37.564052441,127.044484399,
729,V02Q1940565,서울특별시 성동구 성수동2가 333-140,W84,37.541950115,127.053612431,
730,V02Q1940501,서울특별시 성동구 응봉동 228-16,W84,37.552003424,127.036324364,
731,V02Q1940709,서울특별시 성동구 마장동 766-51,W84,37.569445214,127.044601600,
732,V02Q1940286,서울특별시 성동구 하왕십리동 1052-1,W84,37.562166194,127.026682312,
733,V02Q1940530,서울특별시 성동구 성수동1가 656-130,W84,37.542144186,127.047751758,
734,V02Q1940743,서울특별시 성동구 성수동2가 574-9,W84,37.536419649,127.056427019,
735,V02Q1940748,서울특별시 성동구 성수동1가 694-3,W84,37.537369863,127.050872231,
736,V02Q1940786,서울특별시 성동구 성수동1가 27-23,W84,37.542101542,127.049671321,
737,OC3CL200164,서울특별시 성동구 용답동 236-4,W84,37.560589053,127.069726476,
738,OC3CL200216,서울특별시 성동구 송정동 67-29,W84,37.548841657,127.060406256,
739,OC3CL200217,서울특별시 성동구 송정동 66-32,W84,37.548896116,127.062936132,
740,OC3CL200218,서울특별시 성동구 행당동 6-2,W84,37.560053008,127.041072379,
741,OC3CL200032,서울특별시  성동구 성수동1가 685-700,W84,37.545296254,127.043557089,
742,OC3CL200018,서울특별시 성동구 성수동1가 685-285,W84,37.546881978,127.04164275,
743,OC3CL200227,서울특별시 성동구 행당동 1-27,W84,37.561245668,127.039496877,
744,OC3DL220020,서울특별시 성동구 금호동 4가 1263-14,W84,37.47129464,126.9341757,
745,OC3DL220021,서울특별시 성동구 금호동 3가 1540-3,W84,37.47088656,126.93910684,
746,V02Q1941015,서울특별시 성동구 뚝섬로3길 18,W84,37.5416558,127.0482802,
747,V02Q1940131,서울특별시 성북구 동선동3가 89,W84,37.594485209,127.021195754,
748,V02Q1940283,서울특별시 성북구 보문동7가 104-1,W84,37.580601951,127.023030202,
749,V02Q1940284,서울특별시 성북구 삼선동4가 300-1,W84,37.589684126,127.012920240,
750,V02Q1940276,서울특별시 성북구 안암동3가 132-15,W84,37.585538222,127.023508900,
751,V02Q1940206,서울특별시 성북구 하월곡동 81-15,W84,37.609442000,127.034101399,
752,V02Q1940143,서울특별시 성북구 상월곡동 24-150,W84,37.605853317,127.049738379,
753,V02Q1940379,서울특별시 성북구 장위동 283-16,W84,37.614202405,127.043665947,
754,V02Q1940064,서울특별시 성북구 장위동 45-4,W84,37.611079418,127.055516594,
755,V02Q1940087,서울특별시 성북구 장위동 16-85,W84,37.615704541,127.058848678,
756,V02Q1940381,서울특별시 성북구 정릉동 16-7,W84,37.601609293,127.016720958,
757,V02Q1940388,서울특별시 성북구 정릉동 435,W84,37.604028401,127.009921999,
758,V02Q1940406,서울특별시 성북구 정릉동 692-22,W84,37.609392922,127.004354963,
759,V02Q1940401,서울특별시 성북구 정릉동 290-8,W84,37.613203808,127.007460258,
760,V02Q1940322,서울특별시 성북구 종암동 3-89,W84,37.599172405,127.036027437,
761,V02Q1940147,서울특별시 성북구 석관동 384-8,W84,37.613086579,127.061715390,
762,V02Q1940351,서울특별시 성북구 성북동1가 120-1,W84,37.591053944,127.003006912,
763,V02Q1940418,서울특별시 성북구 길음동 1280-5,W84,37.609877929,127.017534204,
764,V02Q1940344,서울특별시 성북구 길음동 918-8,W84,37.605800332,127.025556259,
765,V02Q1940328,서울특별시 성북구 돈암동 2-81,W84,37.603348199,127.029375552,
766,V02Q1940361,서울특별시 성북구 돈암동 산 85-119,W84,37.597979468,127.010785803,
767,V02Q1940415,서울특별시 성북구 하월곡동 219,W84,37.603943867,127.035746910,
768,V02Q1940362,서울특별시 성북구 길음동 1276,W84,37.603377970,127.024172083,
769,V02Q1940335,서울특별시 성북구 하월곡동 73-96,W84,37.607742032,127.041340346,
770,V02Q1940419,서울특별시 성북구 돈암동 632-9,W84,37.595702008,127.024181745,
771,V02Q1940879,서울특별시 성북구 길음동 1064-1,W84,37.606667961,127.027318073,
772,OC3CL200198,서울특별시 성북구 하월곡동 29-133,W84,37.603632812,127.039836152,
773,OC3CL200199,서울특별시 성북구 종암동 10-236,W84,37.595440761,127.036677997,
774,OC3CL200200,서울특별시 성북구 정릉동 716-39,W84,37.611010968,127.004924896,
775,OC3CL200222,서울특별시 성북구 성북동 241-5,W84,37.5944845,126.9943698,
776,V02Q1940742,서울특별시 송파구 석촌동 328-3,W84,37.501040267,127.109739451,
777,V02Q1940784,서울특별시 송파구 가락동 155-7,W84,37.498247757,127.126296648,
778,V02Q1940679,서울특별시 송파구 가락동 77-7,W84,37.495212727,127.121438826,
779,V02Q1940734,서울특별시 송파구 신천동 7,W84,37.518337904,127.100466298,
780,V02Q1940793,서울특별시 송파구 거여동 36-15,W84,37.493457370,127.146171024,
781,V02Q1940513,서울특별시 송파구 마천동 211-73,W84,37.494179762,127.154991408,
782,V02Q1940791,서울특별시 송파구 마천동 128-50,W84,37.496381776,127.149019387,
783,V02Q1940845,서울특별시 송파구 문정동 28-9,W84,37.489764064,127.124285811,
784,V02Q1940717,서울특별시 송파구 문정동 112-17,W84,37.485390225,127.132171842,
785,V02Q1940764,서울특별시 송파구 방이동 89-1,W84,37.515301061,127.134073236,
786,V02Q1940790,서울특별시 송파구 방이동 53,W84,37.514278277,127.112258966,
787,V02Q1940767,서울특별시 송파구 삼전동 86-1,W84,37.502603852,127.092310875,
788,V02Q1940772,서울특별시 송파구 석촌동 265,W84,37.503631193,127.103503284,
789,V02Q1940775,서울특별시 송파구 송파동 2-3,W84,37.505801455,127.109663753,
790,V02Q1940706,서울특별시 송파구 송파동 172,W84,37.502049127,127.117110751,
791,V02Q1940847,서울특별시 송파구 문정동 150-12,W84,37.489683491,127.111908205,
792,V02Q1940708,서울특별시 송파구 잠실동 22,W84,37.514300619,127.091477797,
793,V02Q1940787,서울특별시 송파구 잠실동 27,W84,37.512955044,127.094661921,
794,V02Q1940800,서울특별시 송파구 신천동 20,W84,37.519992859,127.112249200,
795,V02Q1940757,서울특별시 송파구 거여동 127-29,W84,37.496722627,127.142857250,
796,V02Q1940788,서울특별시 송파구 잠실동 156,W84,37.509547855,127.074152379,
797,V02Q1940781,서울특별시 송파구 잠실동 282,W84,37.506153683,127.084756221,
798,V02Q1940736,서울특별시 송파구 오금동 47-11,W84,37.504194933,127.128187719,
799,V02Q1940825,서울특별시 송파구 풍납동 477-8,W84,37.5373595,127.1215212,
800,V02Q1940768,서울특별시 송파구 장지동 899-1,W84,37.478250690,127.139244579,
801,V02Q1940832,서울특별시 송파구 방이동 193-14,W84,37.511768309,127.124209484,
802,V02Q1940873,서울특별시 송파구 풍납동 281-3,W84,37.532472110,127.114301129,
803,V02Q1940745,서울특별시 송파구 거여동 362-1,W84,37.494105760,127.141490229,
804,V02Q1940714,서울특별시 송파구 신천동 32,W84,37.513345412,127.106818240,
805,V02Q1940713,서울특별시 송파구 방이동 96-1,W84,37.516185359,127.114540561,
806,V02Q1940941,서울특별시 송파구 잠실동 205-17,W84,37.509088133,127.084056858,
807,V02Q1940117,서울특별시 송파구 잠실동 284,W84,37.508537127,127.087141735,
808,V02Q1940811,서울특별시 송파구 풍납동 455,W84,37.527273120,127.116249051,
809,V02Q1940821,서울특별시 송파구 석촌동 324-1,W84,37.502832774,127.108694904,
810,V02Q1940819,서울특별시 송파구 석촌동 184-4,W84,37.507344263,127.104688643,
811,V02Q1940820,서울특별시 송파구 신천동 32,W84,37.511054225,127.102261793,
812,V02Q1940887,서울특별시 송파구 삼전동 62,W84,37.502749128,127.092524240,
813,V02Q1940838,서울특별시 송파구 잠실동 1,W84,37.518415373,127.068059148,
814,OC3CL200033,서울특별시 송파구 신천동 32,W84,37.512142753,127.104315392,
815,OC3CL200207,서울특별시 송파구 가락동 128-8,W84,37.494957877,127.124194746,
816,OC3CL200208,서울특별시  송파구 장지동 861,W84,37.479816016,127.135315178,
817,OC3CL200165,서울특별시 송파구 문정동 73-10,W84,37.480364899,127.125644891,
818,V02Q1940865,서울특별시 양천구 목동 514-8,W84,37.5463523,126.8748658,
819,V02Q1940867,서울특별시 양천구 목동 621-19,W84,37.545028041,126.864660671,
820,V02Q1940095,서울특별시 양천구 목동 868,W84,37.532916258,126.868390948,
821,V02Q1940869,서울특별시 양천구 신월동 852,W84,37.525350406,126.837774004,
822,V02Q1940814,서울특별시 양천구 신정동 1142,W84,37.519384614,126.854668099,
823,V02Q1940863,서울특별시 양천구 신정동 294-18,W84,37.518876054,126.871089390,
824,V02Q1940804,서울특별시 양천구 신정동 1266-2,W84,37.5138636882527,126.852966965199,
825,V02Q1940312,서울특별시 양천구 신정동 957-16,W84,37.522821250,126.858435267,
826,V02Q1940364,서울특별시 양천구 신정동 323-1,W84,37.516646199,126.862864530,
827,V02Q1940240,서울특별시 양천구 신월동 136-8,W84,37.532060638,126.831721727,
828,V02Q1940413,서울특별시 양천구 신월동 883,W84,37.524655300,126.844448699,
829,V02Q1940453,서울특별시 양천구 목동 904,W84,37.532634788,126.871446408,
830,V02Q1940472,서울특별시 양천구 신월동 628,W84,37.514505075,126.841425739,
831,V02Q1940750,서울특별시 양천구 신월동 976-1,W84,37.521971144,126.835908342,
832,V02Q1940864,서울특별시 양천구 목동 916-2,W84,37.525767618,126.875374358,
833,V02Q1940861,서울특별시 양천구 신정동 842-1,W84,37.509089509,126.866846473,
834,V02Q1940071,서울특별시 양천구 신월동 43-4,W84,37.536238786,126.824270656,
835,V02Q1940395,서울특별시 양천구 신월동 275,W84,37.538910703,126.829309039,
836,V02Q1940424,서울특별시 양천구 신정동 325-6,W84,37.510198596,126.858987432,
837,V02Q1940826,서울특별시 양천구 신정동 137-2,W84,37.520384235,126.878024994,
838,V02Q1940654,서울특별시 양천구 목동 900-9,W84,37.543046428,126.883621196,
839,V02Q1940732,서울특별시 양천구 신월동 823,W84,37.526655055,126.836961771,
840,V02Q1940809,서울특별시 양천구 목동 131-30,W84,37.543642972,126.881352303,
841,V02Q1940492,서울특별시 양천구 신정동 1062,W84,37.528186579,126.860106756,
842,V02Q1940946,서울특별시 양천구 신월동 796,W84,37.534443996,126.834790407,
843,V02Q1940942,서울특별시 양천구 신월동 805,W84,37.532462634,126.833076323,
844,V02Q1940951,서울특별시 양천구 신월동 802,W84,37.531246089,126.836128493,
845,V02Q1940943,서울특별시 양천구 목동 616-15,W84,37.548507166,126.864648122,
846,V02Q1940455,서울특별시 양천구 목동 929,W84,37.542775849,126.881433047,
847,V02Q1940480,서울특별시 양천구 목동 901-8,W84,37.539717109,126.881687533,
848,V02Q1940443,서울특별시 양천구 신정동 89-82,W84,37.520684165,126.873804303,
849,V02Q1940762,서울특별시 양천구 목동 823,W84,37.540245113,126.864421104,
850,V02Q1940766,서울특별시 양천구 목동 655-4,W84,37.545652837,126.863101671,
851,V02Q1940792,서울특별시 양천구 목동 724-1,W84,37.538422726,126.864529956,
852,V02Q1940614,서울특별시 양천구 목동 843,W84,37.537542078,126.871767426,
853,V02Q1940259,서울특별시 양천구 목동 813,W84,37.533927796,126.863792786,
854,V02Q1940741,서울특별시 양천구 목동 907-21,W84,37.535750610,126.878573682,
855,V02Q1940759,서울특별시 양천구 목동 909-9,W84,37.536645964,126.883017390,
856,V02Q1940776,서울특별시 양천구 목동 902,W84,37.539684296,126.875026391,
857,V02Q1940771,서울특별시 양천구 목동 912,W84,37.535134263,126.883508056,
858,V02Q1940489,서울특별시 양천구 목동 879,W84,37.530770624,126.864592055,
859,V02Q1940774,서울특별시 양천구 목동 901,W84,37.538516483,126.878243997,
860,V02Q1940849,서울특별시 양천구 신월동 92-17,W84,37.535559655,126.832836517,
861,V02Q1940749,서울특별시 양천구 신월동 1047,W84,37.525240254,126.842256550,
862,V02Q1940705,서울특별시 양천구 신월동 505-21,W84,37.523071689,126.848612985,
863,V02Q1940740,서울특별시 양천구 신월동 867,W84,37.527061611,126.848060521,
864,V02Q1940287,서울특별시 양천구 신월동 197-35,W84,37.531393326,126.830075249,
865,V02Q1940754,서울특별시 양천구 신월동 642,W84,37.521659762,126.842681235,
866,V02Q1940760,서울특별시 양천구 신월동 1029,W84,37.517602426,126.846920703,
867,V02Q1940447,서울특별시 양천구 신월동 910-2,W84,37.524273473,126.831406421,
868,V02Q1940464,서울특별시 양천구 신월동 977,W84,37.520329739,126.835738999,
869,V02Q1940469,서울특별시 양천구 신정동 729,W84,37.510626715,126.843394665,
870,V02Q1940835,서울특별시 양천구 신정동 1019-19,W84,37.521157149,126.861140014,
871,V02Q1940773,서울특별시 양천구 신정동 881-8,W84,37.528560458,126.859175524,
872,V02Q1940801,서울특별시 양천구 신정동 331-2,W84,37.514021980,126.874001416,
873,V02Q1940765,서울특별시 양천구 신정동 163-55,W84,37.510731657,126.870535412,
874,V02Q1940876,서울특별시 양천구 목동 946-1,W84,37.543050815,126.869092177,
875,V02Q1940769,서울특별시 양천구 신정동 874-4,W84,37.527865321,126.855726795,
876,V02Q1940707,서울특별시 양천구 신정동 324-10,W84,37.515495269,126.860879933,
877,V02Q1940794,서울특별시 양천구 목동 627-15,W84,37.545732009,126.867770586,
878,V02Q1940715,서울특별시 양천구 신정동 1284-1,W84,37.512593393,126.837651948,
879,V02Q1940778,서울특별시 양천구 목동 404-21,W84,37.522590739,126.875548119,
880,V02Q1940729,서울특별시 양천구 신정동 1319-1,W84,37.513062284,126.832083525,
881,V02Q1940659,서울특별시 양천구 신월동 52-9,W84,37.537748852,126.827879104,
882,V02Q1940803,서울특별시 양천구 목동 458-4,W84,37.523037681,126.872293646,
883,V02Q1940795,서울특별시 양천구 신월동 842,W84,37.524096897,126.837258847,
884,V02Q1940874,서울특별시 양천구 신정동 1208-1,W84,37.519336516,126.850006232,
885,V02Q1940805,서울특별시 양천구 신정동 1280-1,W84,37.513247320,126.834924842,
886,V02Q1940481,서울특별시 양천구 신정동 1099,W84,37.524082811,126.854653095,
887,V02Q1940806,서울특별시 양천구 목동 956,W84,37.548031985,126.866797402,
888,V02Q1940855,서울특별시 양천구 신정동 949-5,W84,37.524553208,126.855789231,
889,OC3CL200064,서울특별시 양천구 목동 554,W84,37.544409887,126.870413655,
890,OC3CL200115,서울특별시 양천구 목동 543-15,W84,37.543603399,126.873844706,
891,OC3CL200113,서울특별시 양천구 신정동 1277,W84,37.51133256,126.852061434,
892,OC3CL200112,서울특별시 양천구 신정동 190-5,W84,37.50589814,126.864220249,
893,OC3CL200111,서울특별시 양천구 신월동 957-13,W84,37.520142206,126.831655467,
894,OC3CL200109,서울특별시 양천구 신월동 9-2,W84,37.542190304,126.829081566,
895,OC3CL200034,서울특별시 양천구 신정동 994-1,W84,37.525918058,126.863558081,
896,OC3CL200166,서울특별시 양천구 신정동 328-5,W84,37.513224504,126.867696965,
897,OC3CL200058,서울특별시 양천구 목동 911-4,W84,37.53245995,126.8857541,
898,OC3CL200059,서울특별시 양천구 신월동 42-1,W84,37.539117218,126.824032446,
899,OC3CL200139,서울특별시 양천구 신정동 330-8,W84,37.514187437,126.876716614,
900,OC3CL200151,서울특별시 양천구 신정동 산 102,W84,37.509992685,126.854692394,
901,V02Q1941013,서울특별시 양천구 오목로34길 5,W84,37.5245308,126.855007,
902,V02Q1940171,서울특별시 영등포구 당산동3가 566,W84,37.524130023,126.898604915,
903,V02Q1940127,서울특별시 영등포구 당산동6가 337-1,W84,37.536201119,126.901221667,
904,V02Q1940169,서울특별시 영등포구 대림동 904-2,W84,37.496512896,126.906686025,
905,V02Q1940077,서울특별시 영등포구 대림동 1059-49,W84,37.490952078,126.896560561,
906,V02Q1940121,서울특별시 영등포구 대림동 738-14,W84,37.496949735,126.897717122,
907,V02Q1940185,서울특별시 영등포구 도림동 222-9,W84,37.509659941,126.896172376,
908,V02Q1940168,서울특별시 영등포구 문래동3가 55-20,W84,37.514939027,126.896987864,
909,V02Q1940196,서울특별시 영등포구 신길동 89-152,W84,37.509892383,126.920534145,
910,V02Q1940197,서울특별시 영등포구 신길동 268-35,W84,37.507058735,126.907091695,
911,V02Q1940186,서울특별시 영등포구 신길동 223-66,W84,37.509146710,126.910958223,
912,V02Q1940188,서울특별시 영등포구 신길동 341-1,W84,37.502138725,126.905167906,
913,V02Q1940198,서울특별시 영등포구 신길동 2798,W84,37.500012753,126.910807498,
914,V02Q1940176,서울특별시 영등포구 신길동 1200,W84,37.506180006,126.921438321,
915,V02Q1940174,서울특별시 영등포구 영등포로 5길 12,W84,37.523659,126.884558,
916,V02Q1940133,서울특별시 영등포구 양평동4가 93-1,W84,37.536855914,126.894849555,
917,V02Q1940110,서울특별시 영등포구 여의도동 54,W84,37.518290648,126.932965336,
918,V02Q1940199,서울특별시 영등포구 영등포동2가 222-1,W84,37.520309388,126.910441409,
919,V02Q1940184,서울특별시 영등포구 영등포동 646-18,W84,37.514197813,126.909456953,
920,V02Q1940074,서울특별시 영등포구 당산동1가 16-1,W84,37.520313815,126.896995184,
921,V02Q1940221,서울특별시 영등포구 영등포동3가 4-7,W84,37.518912125,126.907705399,
922,V02Q1940223,서울특별시 영등포구 문래동3가 77-2,W84,37.518046066,126.893018016,
923,V02Q1940244,서울특별시 영등포구 양평동3가 91,W84,37.532727462,126.893332168,
924,V02Q1940217,서울특별시 영등포구 여의대방로 300,W84,37.513527130,126.925917082,
925,V02Q1940256,서울특별시 영등포구 양평동6가 98-1,W84,37.543688115,126.887737658,
926,V02Q1940219,서울특별시 영등포구 문래동1가 39-1,W84,37.511651571,126.895729526,
927,V02Q1940251,서울특별시 영등포구 양평동2가 12-1,W84,37.522666092,126.882915270,
928,V02Q1940170,서울특별시 영등포구 당산동1가 32,W84,37.521738405,126.896683314,
929,V02Q1940222,서울특별시 영등포구 영등포동3가 1-7,W84,37.518286470,126.910564828,
930,V02Q1940850,서울 영등포구 당산동3가 영등포구청,W84,37.524978134,126.897443763,
931,V02Q1940878,서울특별시 영등포구 여의도동 85,W84,37.524414166,126.937013440,
932,V02Q1940836,서울특별시 영등포구 여의도동 19-1,W84,37.526004651,126.913353225,
933,V02Q1940829,서울특별시 영등포구 당산동 95-1,W84,37.537271352,126.904317333,
934,OC3CL200167,서울특별시 영등포구 양평동1가 165,W84,37.522590544,126.888865078,
935,OC3CL200174,서울특별시 영등포구 대림동 990-1,W84,37.488974286,126.906033022,
936,V02Q1940571,서울특별시 용산구 후암동 167-2,W84,37.546504106,126.975236492,
937,V02Q1940523,서울특별시 용산구 보광동 216-67,W84,37.525687990,126.999242183,
938,V02Q1940726,서울특별시 용산구 도원동 7-2,W84,37.539012287,126.957917034,
939,V02Q1940651,서울특별시 용산구 용산동2가 1-1723,W84,37.546239741,126.984790146,
940,V02Q1940574,서울특별시 용산구 원효로2가 3-5,W84,37.537181941,126.965695100,
941,V02Q1940595,서울특별시 용산구 산천동 82-1,W84,37.534398731,126.951380013,
942,V02Q1940572,서울특별시 용산구 이촌동 301-234,W84,37.521117972,126.971790470,
943,V02Q1940600,서울특별시 용산구 이촌동 171-1,W84,37.524446020,126.956842648,
944,V02Q1940648,서울특별시 용산구 이태원동 15-24,W84,37.532294579,126.995986461,
945,V02Q1940686,서울특별시 용산구 이태원동 260-118,W84,37.541361627,126.991128742,
946,V02Q1940637,서울특별시 용산구 한강로3가 63-389,W84,37.525447033,126.968845768,
947,V02Q1940698,서울특별시 용산구 한남동 684-85,W84,37.534626724,127.000735898,
948,V02Q1940525,서울특별시 용산구 효창동 5-713,W84,37.542265658,126.960760204,
949,V02Q1940584,서울특별시 용산구 후암동 56-38,W84,37.549955116,126.978020139,
950,V02Q1940577,서울특별시 용산구 서빙고동 1-3,W84,37.523642878,126.993653966,
951,V02Q1940524,서울특별시 용산구 서계동 222-11,W84,37.554354634,126.968131192,
952,V02Q1940731,서울특별시 용산구 용산동6가 69-172,W84,37.517989157,126.985318268,
953,V02Q1940559,서울특별시 용산구 이태원동 34-66,W84,37.532936634,126.991219946,
954,V02Q1940668,서울특별시 용산구 이촌동 301-7,W84,37.519020700,126.980569679,
955,V02Q1940630,서울특별시 용산구 한강로3가 65-206,W84,37.525540411,126.965070815,
956,V02Q1940664,서울특별시 용산구 이촌동 412-1,W84,37.520370616,126.977026762,
957,V02Q1940578,서울특별시 용산구 보광동 68,W84,37.526372633,127.002884625,
958,V02Q1940856,서울특별시 용산구 한남동 이태원로 224-19,W84,37.5347934,127.0000555,
959,V02Q1940830,서울특별시 용산구 이촌동 376,W84,37.521488691,126.959447221,
960,OC3CL200019,서울특별시  용산구 이태원동 239-4,W84,37.540264418,126.99379344,
961,OC3CL200221,서울특별시 용산구 용산동5가 2-68,W84,37.5287508,126.9701181,
962,V02Q1940339,서울특별시 은평구 갈현동 389-9,W84,37.623466453,126.916906052,
963,V02Q1940343,서울특별시 은평구 갈현동 451-15,W84,37.618708097,126.916591541,
964,V02Q1940336,서울특별시 은평구 구산동 152-3,W84,37.611799643,126.909853030,
965,V02Q1940317,서울특별시 은평구 녹번동 76-40,W84,37.602631443,126.930628959,
966,V02Q1940326,서울특별시 은평구 대조동 207-9,W84,37.614086720,126.919837040,
967,V02Q1940208,서울특별시 은평구 불광동 281-113,W84,37.610598263,126.931352835,
968,V02Q1940333,서울특별시 은평구 불광동 73-11,W84,37.626081398,126.927710516,
969,V02Q1940332,서울특별시 은평구 신사동 4-16,W84,37.597650438,126.912020853,
970,V02Q1940341,서울특별시 은평구 역촌동 62-28,W84,37.604135693,126.914765263,
971,V02Q1940377,서울특별시 은평구 응암동 227-106,W84,37.594836910,126.924548749,
972,V02Q1940373,서울특별시 은평구 응암동 604-5,W84,37.589938574,126.917291918,
973,V02Q1940347,서울특별시 은평구 증산동 231,W84,37.584427523,126.905224449,
974,V02Q1940358,서울특별시 은평구 진관동 68-37,W84,37.638983563,126.918861419,
975,V02Q1940435,서울특별시 은평구 수색동 411-9,W84,37.583513221,126.894256875,
976,V02Q1940476,서울특별시 은평구 신사동 192-1,W84,37.592348032,126.906563171,
977,V02Q1940337,서울특별시 은평구 응암동 116-29,W84,37.598908246,126.920308931,
978,V02Q1940139,서울특별시 은평구 진관동 13-3,W84,37.643766055,126.924565394,
979,V02Q1940485,서울특별시 은평구 응암동 91-15,W84,37.599233119,126.916387325,
980,V02Q1940370,서울특별시 은평구 불광동 219-1,W84,37.619613134,126.932131205,
981,V02Q1940475,서울특별시 은평구 구산동 355-68,W84,37.613989128,126.906555525,
982,V02Q1940872,서울특별시 은평구 불광동 613-2,W84,37.610592648,126.932995739,
983,OC3CL200069,서울특별시 은평구 불광동 195,W84,37.622209067,126.930278534,
984,OC3CL200035,서울특별시 은평구 갈현동 465-3,W84,37.611303604,126.917501985,
985,OC3CL200036,서울특별시 은평구 녹번동 153-46 ,W84,37.605145748,126.923577165,
986,OC3CL200209,서울특별시 은평구 진관동 108-9,W84,37.634407268,126.915258949,
987,OC3CL200168,서울특별시 은평구 응암동 87-7,W84,37.600396759,126.922412983,
988,OC3CL200204,서울특별시 은평구 구산동 202-1,W84,37.614146909,126.910160235,
989,OC3CL200152,서울특별시 은평구 응암동 122-32,W84,37.595635788,126.915619122,
990,OC3DL2200016,서울특별시 은평구 가좌로 191,W84,37.58784932,126.91986777,
991,OC3DL2200017,서울특별시 은평구 가좌로 242,W84,37.59122386,126.91605056,
992,OC3DL2200018,서울특별시 은평구 가좌로 294,W84,37.59456964,126.91181519,
993,OC3DL2200019,서울특별시 은평구 신사동 241-22,W84,37.5978478,126.90601125,
994,V02Q2300003,서울특별시 은평구 통일로 856,W84,126.92110691,37.61949666,
995,V02Q2300004,서울특별시 은평구 통일로 948,W84,126.91989469,37.62756971,
996,V02Q2300005,서울특별시 은평구 진관동 89-11,W84,126.91737791,37.63401377,
997,V02Q2300006,서울특별시 은평구 진관동 56-16,W84,126.91580765,37.64214802,
998,V02Q2300007,서울특별시 은평구 진관동 74-22,W84,126.90852756,37.6463178,
999,OC3CL200230,서울특별시 강서구 양천로201 서남물재생센터 기상기후대,W84,37.57394,126.8295,이동형
1000,OC3CL200231,서울특별시 마포구 증산로 87 문화비축기지 T5,W84,37.5714929,126.8953585,이동형
1001,OC3CL200232,서울특별시 종로구 세종로 1-68,W84,37.57462781,126.97650982,이동형
1002,OC3CL200233,서울특별시 서초구 매헌로 99 양재시민의 숲,W84,37.470728,126.8953585,이동형
1003,OC3CL200234,서울특별시 마포구 창전동 3-230 와우산공원,W84,37.55192,126.93068,이동형
1004,OC3CL200235,서울특별시 마포구 상암동 1735 부엉이 근린공원,W84,37.58536,126.88318,이동형
1005,OC3CL200236,서울특별시 서초구 매헌로 99 양재시민의 숲,W84,37.4682086,127.0373195,이동형
1006,OC3CL200237,서울특별시 마포구 증산로 87 문화비축기지 T6앞,W84,37.5713067,126.8930907,이동형
1007,OC3CL200238,서울특별시 서초구 매헌로 99 양재시민의 숲,W84,37.620742967196,127.038382273243,이동형
1008,OC3CL200239,서울특별시 마포구 아현동 267-2 ,W84,37.5553346,126.95409,이동형
1009,OC3CL200240,서울특별시 강북구 월계로 173 북서울 꿈의 숲,W84,37.4716110153557,127.03269911116,이동형
1010,OC3CL200241,서울특별시 마포구 중동18 경의선 선형의숲,W84,37.57304,126.90509,이동형
1011,OC3CL200242,서울특별시 마포구 월드컵로 75 망원역 2번출구 앞,W84,37.55589,126.91037,이동형
1012,OC3CL200243,서울특별시 마포구 도화동 50-1,W84,37.54071,126.94676,이동형
1013,OC3CL200244,서울특별시 마포구 월드컵로 196 마포구청역 1번출구 앞,W84,37.56483,126.90245,이동형
1014,OC3CL200245,서울특별시 동대문구 서울시립대로163 서울시립대학교 창공관 옥상,W84,37.58467,127.06033,이동형
1015,OC3CL200246,서울특별시 마포구 구수동 2-60  마라톤 공인중개사앞,W84,37.54747,126.93325,이동형
1016,OC3CL200247,서울특별시 종로구 송월길 52 서울기후관측소,W84,37.5711977022152,126.966459459244,이동형
1017,OC3CL200248,서울특별시 마포구 증산로 87 문화비축기지 문화마당 설비동앞,W84,37.5708262,126.8945468,이동형
1018,OC3CL200249,서울특별시 강북구 월계로 173 북서울 꿈의 숲,W84,37.6221783,127.0421755,이동형
1019,OC3CL200250,서울특별시 강북구 월계로 173 북서울 꿈의 숲,W84,37.6219316,127.0388135,이동형
1020,OC3CL200251,서울특별시 마포구 증산로 87 문화비축기지 안내동앞 ,W84,37.56968383,126.8943303,이동형
1021,OC3CL200252,서울특별시 마포구 월드컵로 42길 2,W84,37.57753,126.88098,이동형
1022,OC3CL200253,서울특별시 용산구 이촌로255 신용산초등학교 본관 옥상,W84,37.5204,126.97611,이동형
1023,OC3CL200254,서울특별시 마포구 서교동 353-1,W84,37.55538,126.92137,이동형
1024,OC3CL200255,서울특별시 관악구 관악로1 서울대학교 대기환경관측소,W84,37.45285,126.95019,이동형
1025,OC3CL200256,서울특별시 성동구 청계천로540 서울시설공단 B4층 기계실,W84,37.5715928,127.033874,이동형
1026,OC3CL200257,서울특별시 마포구 성산동 산11-64 성산근린공원,W84,37.56231,126.91081,이동형
1027,OC3CL200259,"서울특별시 송파구 올림픽로 240 롯데월드, 롯데마트 옥상",W84,37.5108547,127.0971535,이동형
1028,OC3CL200258,서울특별시 종로구 세종로 1-68,W84,37.57327642,126.97655326,이동형
1029,V02Q1940655,서울특별시 종로구 가회동 210,W84,37.580050842,126.985146172,
1030,V02Q1940539,서울특별시 종로구 이화동 82-4,W84,37.576920428,127.004513660,
1031,V02Q1940737,서울특별시 종로구 평창동 235-1,W84,37.605426219,126.967444876,
1032,V02Q1940721,서울특별시 종로구 혜화동 108-1,W84,37.586080682,127.000848323,
1033,V02Q1940522,서울특별시 종로구 창신동 23-313,W84,37.577074810,127.012366545,
1034,V02Q1940499,서울특별시 종로구 내자동 169,W84,37.574960033,126.970272261,
1035,V02Q1940695,서울특별시 종로구 행촌동 180-10,W84,37.571916554,126.961981834,
1036,V02Q1940716,서울특별시 종로구 무악동 60-2,W84,37.575952972,126.958181622,
1037,V02Q1940649,서울특별시 종로구 사직동 1-28,W84,37.576168260,126.968862248,
1038,V02Q1940232,서울특별시 종로구 삼청동 105-1,W84,37.585032927,126.981875888,
1039,V02Q1940710,서울특별시 종로구 숭인동 55-2,W84,37.577843118,127.015628840,
1040,V02Q1940796,서울특별시 종로구 숭인동 178-167,W84,37.574848152,127.019982768,
1041,V02Q1940719,서울특별시 종로구 익선동 99,W84,37.574464343,126.990243912,
1042,V02Q1940818,서울특별시 종로구 창신동 401-3,W84,37.570741306,127.016374099,
1043,V02Q1940720,서울특별시 종로구 창신동 583-3,W84,37.574432258,127.010888926,
1044,V02Q1940837,서울특별시 종로구 궁정동 12-1,W84,37.584140840,126.970563131,
1045,V02Q1940859,서울특별시 종로구 부암동 265-21,W84,37.592431514,126.964090572,
1046,V02Q1940857,서울특별시 종로구 삼청동 산 2-2,W84,37.588018361,126.983856948,
1047,V02Q1940881,서울특별시 종로구 동숭동 1-124,W84,37.580272067,127.003068403,
1048,V02Q1940843,서울특별시 종로구 재동 54-1,W84,37.578936514,126.985912640,
1049,V02Q1940822,서울특별시 종로구 무악동 69-3,W84,37.575423844,126.957780596,
1050,V02Q1940797,서울특별시 종로구 부암동 141-1,W84,37.597376662,126.963432166,
1051,V02Q1940883,서울특별시 종로구 사직동 262-197,W84,37.576461959,126.965536299,
1052,V02Q1940886,서울특별시 종로구 삼청동 35-112,W84,37.582438821,126.982104196,
1053,V02Q1940807,서울특별시 종로구 숭인동 211-16,W84,37.573115622,127.020059004,
1054,V02Q1940848,서울특별시 종로구 이화동 9-264,W84,37.577698183,127.006748049,
1055,V02Q1940687,서울특별시 종로구 동숭동 129-77,W84,37.581173137,127.005734130,
1056,V02Q1940827,서울특별시 종로구 동숭동 6-31,W84,37.583250447,127.005814953,
1057,V02Q1940839,서울특별시 종로구 돈의동 162,W84,37.571218817,126.990608589,
1058,V02Q1940718,서울특별시 종로구 충신동 189-2,W84,37.573899271,127.004658247,
1059,V02Q1940810,서울특별시 종로구 창신동 197-17,W84,37.573677936,127.013204061,
1060,V02Q1940875,서울특별시 종로구 창신동 619-2,W84,37.578529489,127.009067983,
1061,V02Q1940844,서울특별시 종로구 창신동 산 6-25,W84,37.578940321,127.014486370,
1062,V02Q1940802,서울특별시 종로구 평창동 232,W84,37.605283318,126.966737815,
1063,V02Q1940877,서울특별시 종로구 구기동 110-30,W84,37.607870193,126.956372518,
1064,V02Q1940817,서울특별시 종로구 명륜3가 53-2,W84,37.584479904,126.996923175,
1065,V02Q1940840,서울특별시 종로구 명륜4가 206-8,W84,37.581880250,126.998152524,
1066,V02Q1940808,서울특별시 종로구 신문로2가 6-3,W84,37.568745241,126.968764924,
1067,V02Q1940841,서울특별시 종로구 효제동 173-2,W84,37.572037343,127.005041449,
1068,OC3CL200210,서울특별시 종로구 서린동 151-4,W84,37.569382489,126.97848214,
1069,OC3CL200211,서울특별시 종로구 서린동 42-8 ,W84,37.569213743,126.982128648,
1070,OC3CL200194,서울특별시 종로구 신문로1가 135-2,W84,37.569976474,126.975516571,
1071,OC3CL200201,서울특별시 종로구 종로5가 231-1,W84,37.570869277,127.004845346,
1072,OC3CL200219,서울특별시 종로구 창신동 357,W84,37.572221295,127.013516467,
1073,OC3CL200220,서울특별시  종로구 연건동 128-9,W84,37.576981766,127.002488907,
1074,OC3CL200037,서울특별시 종로구 가회동 60,W84,37.581429974,126.984646839,
1075,OC3CL200038,서울특별시 종로구 가회동 33-13,W84,37.582331071,126.983559012,
1076,OC3CL200013,서울특별시 종로구 삼청동 35-63,W84,37.583469424,126.982622417,
1077,OC3CL200039,서울특별시 종로구 동숭동 50-135,W84,37.578786143,127.007188221,
1078,OC3CL200040,서울특별시 종로구 이화동 9-498,W84,37.577739599,127.008033178,
1079,OC3CL200154,서울특별시 종로구 평창동 산6-17,W84,37.601807631,126.98116998,
1080,OC3CL200153,서울특별시  종로구 신영동 130-8,W84,37.601649259,126.961410928,
1081,OC3CL200226,서울특별시 종로구 세종로 1-68,W84,37.57076319,126.97655326,
1082,OC3DL2200003,서울특별시 종로구 종로1.2.3.4가동 160-1,W84,37.57168834,126.97639253,
1083,OC3DL2200001,서울특별시 종로구 묘동 돈화문로 45,W84,37.57247558,126.99142303,
1084,OC3DL2200002,서울특별시 종로구 청운효자동 17,W84,37.58239766,126.97046962,
1085,OC3DL2200004,서울특별시 종로구 자하문로 21,W84,37.57804395,126.97166456,
1086,OC3DL230025,서울특별시 종로구 교남동 74-7번지,W84,126.96342733,37.56946732,
1087,OC3DL230026,서울특별시 종로구 행촌동 25-14,W84,126.96367604,37.57223957,
1088,OC3DL230027,서울특별시 종로구 무악동 5-28,W84,126.95655417,37.57583831,
1089,V02Q1940536,서울특별시 중구 예관동 120-1,W84,37.563560918,126.997219571,
1090,V02Q1940570,서울특별시 중구 신당동 432-24,W84,37.554358673,127.008042572,
1091,V02Q1940436,서울특별시 중구 회현동1가 204-1,W84,37.560575664,126.979644431,
1092,V02Q1940541,서울특별시 중구 태평로2가 69-5,W84,37.562768984,126.976764495,
1093,V02Q1940546,서울특별시 중구 신당동 161,W84,37.564448469,127.022110315,
1094,V02Q1940568,서울특별시 중구 신당동 304-4,W84,37.562850728,127.013260366,
1095,V02Q1940598,서울특별시 중구 청구로 8길 41,W84,37.551727975,127.012143986,
1096,V02Q1940562,서울특별시 중구 을지로3가 320-34,W84,37.565542170,126.991035069,
1097,V02Q1940564,서울특별시 중구 장충동1가 49-9,W84,37.560859569,127.008563128,
1098,V02Q1940508,서울특별시 중구 중림동 200,W84,37.558188462,126.964330835,
1099,V02Q1940599,서울특별시 중구 신당동 330-342,W84,37.557404557,127.016607496,
1100,V02Q1940553,서울특별시 중구 필동2가 20-9,W84,37.560826891,126.996000954,
1101,V02Q1940540,서울특별시 중구 을지로2가 181,W84,37.565310977,126.984491809,
1102,V02Q1940500,서울특별시 중구 신당동 52-7,W84,37.561552657,127.018748694,
1103,V02Q1940527,서울특별시 중구 황학동 2473-38,W84,37.568985838,127.021883159,
1104,V02Q1940053,서울특별시 중구 소공동 91-1,W84,37.565040748,126.978885858,
1105,V02Q1940529,서울특별시 중구 신당동 850-2,W84,37.559400896,127.020438540,
1106,V02Q1940596,서울특별시 중구 회현동1가 206,W84,37.559046312,126.980311760,
1107,V02Q1940573,서울특별시 중구 을지로6가 16-4,W84,37.568390808,127.005439263,
1108,V02Q1940566,서울특별시 중구 산림동 156-30,W84,37.567234241,126.995184955,
1109,V02Q1940498,서울특별시 중구 필동2가 19-6,W84,37.560782132,126.995545523,
1110,V02Q1940604,서울특별시 중구 다동 60-2,W84,37.567837219,126.980941430,
1111,V02Q1940597,서울특별시 중구 회현동1가 110-1,W84,37.556195026,126.981160888,
1112,V02Q1940554,서울특별시 중구 신당동 377-171,W84,37.557286013,127.009175344,
1113,V02Q1940544,서울특별시 중구 장충동2가 173-7,W84,37.561639705,127.001152964,
1114,V02Q1940302,서울특별시 중구 순화동 207-6,W84,37.559509204,126.971893203,
1115,V02Q1940438,서울특별시 중구 순화동 5-2,W84,37.562396378,126.970519750,
1116,V02Q1940567,서울특별시 중구 산림동 56-2,W84,37.568055619,126.996509941,
1117,V02Q1940602,서울특별시 중구 회현동1가 100-115,W84,37.554623618,126.980558980,
1118,V02Q1940608,서울특별시 중구 예장동 8-179,W84,37.556688983,126.985904183,
1119,V02Q1940780,서울특별시 중구 서소문동 37,W84,37.564698899,126.975981023,
1120,OC3CL200126,서울특별시  중구 남대문로4가 29 ,W84,37.559673974,126.974839751,
1121,OC3CL200127,서울특별시  중구 남대문로5가 1-5 ,W84,37.560276986,126.975353986,
1122,OC3CL200014,서울특별시 중구 명동1가 53-1,W84,37.563573682,126.984503781,
1123,OC3CL200047,서울특별시 중구 충무로2가 65-3,W84,37.561604334,126.985559036,
1124,OC3CL200041,서울특별시 중구 남대문로2가 123,W84,37.563846062,126.981866472,
1125,OC3CL200042,서울특별시 중구 을지로6가 18-185,W84,37.567869921,127.008631118,
1126,OC3CL200043,서울특별시 중구 신당동 204-9,W84,37.567728787,127.012669465,
1127,OC3CL200044,서울특별시  중구 남창동 31-1,W84,37.560409119,126.978669024,
1128,OC3CL200212,서울특별시 중구 태평로1가 54-3 ,W84,37.566047532,126.977399691,
1129,V02Q1940935,서울특별시 중구 덕수궁길 15 서울시청 서소문별관3동,W84,37.564433,126.97561,
1130,V02Q1940277,서울특별시 중랑구 망우동 534-32,W84,37.591143947,127.094226799,
1131,V02Q1940248,서울특별시 중랑구 망우동 357-29,W84,37.601151064,127.100797906,
1132,V02Q1940250,서울특별시 중랑구 면목동 142-35,W84,37.589051004,127.080892386,
1133,V02Q1940252,서울특별시 중랑구 면목동 700,W84,37.575819219,127.086147753,
1134,V02Q1940191,서울특별시 중랑구 면목동 175-64,W84,37.585408006,127.079020497,
1135,V02Q1940195,서울특별시 중랑구 면목동 627-1,W84,37.578673120,127.086324420,
1136,V02Q1940225,서울특별시 중랑구 면목동 483-23,W84,37.585977361,127.088383159,
1137,V02Q1940218,서울특별시 중랑구 묵동 239-119,W84,37.609849426,127.076300976,
1138,V02Q1940241,서울특별시 중랑구 상봉동 206-27,W84,37.599989151,127.087072882,
1139,V02Q1940243,서울특별시 중랑구 상봉동 120-52,W84,37.593353018,127.080975704,
1140,V02Q1940237,서울특별시 중랑구 신내동 801,W84,37.605087720,127.099718938,
1141,V02Q1940254,서울특별시 중랑구 신내동 663-2,W84,37.632400653,127.050947138,
1142,V02Q1940311,서울특별시 중랑구 중화동 54-4,W84,37.600675313,127.081937393,
1143,V02Q1940307,서울특별시 중랑구 면목동 53-8,W84,37.585376989,127.095453150,
1144,V02Q1940233,서울특별시 중랑구 묵동 121-320,W84,37.613554041,127.081496414,
1145,V02Q1940159,서울특별시 중랑구 중화동 326-87,W84,37.597690870,127.072823222,
1146,V02Q1940235,서울특별시 중랑구 묵동 392-2,W84,37.612546563,127.073414828,
1147,V02Q1940255,서울특별시 중랑구 면목동 593-2,W84,37.582766561,127.086701009,
1148,V02Q1940727,서울특별시 중랑구 중화동 65-9,W84,37.605046967,127.076287931,
1149,V02Q1940944,서울특별시 중랑구 묵동 249-24,W84,37.605041640,127.075432599,
1150,V02Q1940172,서울특별시 중랑구 면목동 산 1-4,W84,37.574032599,127.089326245,
1151,V02Q1940231,서울특별시 중랑구 상봉동 130-4,W84,37.592679588,127.074777884,
1152,V02Q1940882,서울특별시 중랑구 면목동 62-2,W84,37.584898881,127.094025798,
1153,OC3CL200202,서울특별시 중랑구 중화동 209,W84,37.594270315,127.074111828,
1154,OC3CL200203,서울특별시  중랑구 망우동 산52,W84,37.60016479,127.111918465,
1155,OC3CL200169,서울특별시 중랑구 신내동 256-24,W84,37.620270459,127.106153834,
1156,OC3CL200225,서울특별시 중랑구 묵동 189-11,W84,37.60952,127.072813,
1157,OC3DL2200011,서울특별시 중랑구 면목동 49-10,W84,37.586201,127.094858,
1158,OC3DL2200010,서울특별시 중랑구 상봉동 481-2,W84,37.604117,127.090051,
1159,OC3CL210300,서울특별시 중랑구 신내동 63-10,W84,37.61408445,127.10164536,
